NodeLabel,TimeReached30from1500
1,2365.95703125
2,1423.494384765625
3,1423.494384765625
4,2365.95703125
5,1423.494384765625
6,1423.494384765625
7,2165.95703125
8,2165.95703125
9,1632.4644775390625
10,1632.4644775390625
11,2565.95703125
12,2565.95703125
13,2565.95703125
14,2565.95703125
15,1632.4644775390625
16,1632.4644775390625
17,2165.95703125
18,2365.95703125
19,2365.95703125
20,2165.95703125
21,1470.90234375
22,1470.90234375
23,1470.90234375
24,1470.90234375
25,1423.494384765625
26,1423.494384765625
27,1423.494384765625
28,1423.494384765625
29,2165.95703125
30,2065.95703125
31,1765.9569091796875
32,1765.9569091796875
33,1865.9569091796875
34,1765.9569091796875
35,1765.9569091796875
36,2065.95703125
37,2165.95703125
38,2665.95703125
39,2765.95703125
40,2665.95703125
41,1765.9569091796875
42,1965.9569091796875
43,2065.95703125
44,1765.9569091796875
45,1865.9569091796875
46,1765.9569091796875
47,2065.95703125
48,1965.9569091796875
49,1765.9569091796875
50,2465.95703125
51,2565.95703125
52,2465.95703125
53,2465.95703125
54,2565.95703125
55,2565.95703125
56,2565.95703125
57,2565.95703125
58,2465.95703125
59,1765.9569091796875
60,1865.9569091796875
61,1765.9569091796875
62,1765.9569091796875
63,1865.9569091796875
64,1765.9569091796875
65,1965.9569091796875
66,2065.95703125
67,1965.9569091796875
68,1965.9569091796875
69,2165.95703125
70,2165.95703125
71,2265.95703125
72,2265.95703125
73,2265.95703125
74,2165.95703125
75,2165.95703125
76,2165.95703125
77,2165.95703125
78,2165.95703125
79,2165.95703125
80,2165.95703125
81,2165.95703125
82,2265.95703125
83,2265.95703125
84,2365.95703125
85,2865.95703125
86,2965.95703125
87,2865.95703125
88,2365.95703125
89,2265.95703125
90,2265.95703125
91,2165.95703125
92,2165.95703125
93,2165.95703125
94,2165.95703125
95,2165.95703125
96,2165.95703125
97,2165.95703125
98,2165.95703125
99,2265.95703125
100,2265.95703125
101,2265.95703125
102,2165.95703125
103,2165.95703125
104,1965.9569091796875
105,2865.95703125
106,2965.95703125
107,2865.95703125
108,2765.95703125
109,2865.95703125
110,2765.95703125
111,2765.95703125
112,2865.95703125
113,2765.95703125
114,1965.9569091796875
115,2165.95703125
116,2165.95703125
117,2265.95703125
118,2265.95703125
119,2265.95703125
120,2165.95703125
121,2165.95703125
122,2165.95703125
123,2165.95703125
124,2165.95703125
125,2165.95703125
126,2165.95703125
127,2165.95703125
128,2165.95703125
129,2165.95703125
130,2265.95703125
131,2265.95703125
132,2365.95703125
133,2365.95703125
134,2265.95703125
135,2265.95703125
136,2165.95703125
137,2165.95703125
138,2165.95703125
139,2165.95703125
140,2165.95703125
141,2165.95703125
142,2165.95703125
143,2165.95703125
144,2165.95703125
145,2165.95703125
146,2265.95703125
147,2265.95703125
148,2265.95703125
149,2165.95703125
150,2165.95703125
151,1965.9569091796875
152,1965.9569091796875
153,2065.95703125
154,1965.9569091796875
155,2465.95703125
156,2565.95703125
157,2465.95703125
158,2565.95703125
159,2565.95703125
160,2465.95703125
161,2665.95703125
162,2765.95703125
163,2665.95703125
164,2465.95703125
165,2565.95703125
166,2565.95703125
167,2265.95703125
168,2265.95703125
169,2165.95703125
170,2165.95703125
171,2165.95703125
172,2165.95703125
173,2165.95703125
174,2165.95703125
175,2165.95703125
176,2165.95703125
177,2265.95703125
178,2265.95703125
179,2265.95703125
180,2365.95703125
181,2365.95703125
182,2365.95703125
183,2365.95703125
184,2365.95703125
185,2265.95703125
186,2265.95703125
187,2265.95703125
188,2165.95703125
189,2165.95703125
190,2165.95703125
191,2165.95703125
192,2165.95703125
193,2165.95703125
194,2165.95703125
195,2165.95703125
196,2165.95703125
197,2165.95703125
198,2265.95703125
199,2265.95703125
200,2265.95703125
201,2265.95703125
202,2165.95703125
203,2165.95703125
204,2165.95703125
205,2165.95703125
206,2165.95703125
207,2165.95703125
208,2165.95703125
209,2165.95703125
210,2165.95703125
211,2165.95703125
212,2265.95703125
213,2265.95703125
214,2265.95703125
215,2365.95703125
216,2365.95703125
217,2365.95703125
218,2365.95703125
219,2365.95703125
220,2265.95703125
221,2265.95703125
222,2265.95703125
223,2165.95703125
224,2165.95703125
225,2165.95703125
226,2165.95703125
227,2165.95703125
228,2165.95703125
229,2165.95703125
230,2165.95703125
231,2265.95703125
232,2265.95703125
233,1965.9569091796875
234,2165.95703125
235,2165.95703125
236,2165.95703125
237,2165.95703125
238,1965.9569091796875
239,2165.95703125
240,2165.95703125
241,1965.9569091796875
242,1965.9569091796875
243,2165.95703125
244,2165.95703125
245,2265.95703125
246,2165.95703125
247,1865.9569091796875
248,1865.9569091796875
249,1865.9569091796875
250,1865.9569091796875
251,1865.9569091796875
252,2165.95703125
253,2265.95703125
254,1865.9569091796875
255,2165.95703125
256,2265.95703125
257,1865.9569091796875
258,1865.9569091796875
259,1865.9569091796875
260,2265.95703125
261,2165.95703125
262,1865.9569091796875
263,1865.9569091796875
264,1865.9569091796875
265,1865.9569091796875
266,1865.9569091796875
267,1865.9569091796875
268,1865.9569091796875
269,1765.9569091796875
270,1865.9569091796875
271,1765.9569091796875
272,1765.9569091796875
273,1865.9569091796875
274,1765.9569091796875
275,1765.9569091796875
276,1865.9569091796875
277,1765.9569091796875
278,1765.9569091796875
279,1865.9569091796875
280,1765.9569091796875
281,1765.9569091796875
282,1965.9569091796875
283,2065.95703125
284,2065.95703125
285,1965.9569091796875
286,1765.9569091796875
287,2165.95703125
288,2065.95703125
289,1765.9569091796875
290,1765.9569091796875
291,2065.95703125
292,2165.95703125
293,2465.95703125
294,2365.95703125
295,2165.95703125
296,2565.95703125
297,2365.95703125
298,2165.95703125
299,2465.95703125
300,2365.95703125
301,2165.95703125
302,2365.95703125
303,2265.95703125
304,2065.95703125
305,2465.95703125
306,2365.95703125
307,2165.95703125
308,2365.95703125
309,2265.95703125
310,2065.95703125
311,2865.95703125
312,2965.95703125
313,2865.95703125
314,2865.95703125
315,2965.95703125
316,2865.95703125
317,2765.95703125
318,2865.95703125
319,2765.95703125
320,2065.95703125
321,2165.95703125
322,2065.95703125
323,2165.95703125
324,2265.95703125
325,2165.95703125
326,2065.95703125
327,2165.95703125
328,2065.95703125
329,2465.95703125
330,2365.95703125
331,2165.95703125
332,2465.95703125
333,2365.95703125
334,2165.95703125
335,2365.95703125
336,2265.95703125
337,2065.95703125
338,2465.95703125
339,2365.95703125
340,2165.95703125
341,2465.95703125
342,2365.95703125
343,2165.95703125
344,2365.95703125
345,2265.95703125
346,2065.95703125
347,2265.95703125
348,2365.95703125
349,2265.95703125
350,2465.95703125
351,2565.95703125
352,2465.95703125
353,2565.95703125
354,2565.95703125
355,2565.95703125
356,2565.95703125
357,2665.95703125
358,2565.95703125
359,2565.95703125
360,2665.95703125
361,2565.95703125
362,2565.95703125
363,2665.95703125
364,2565.95703125
365,2565.95703125
366,2565.95703125
367,2565.95703125
368,2465.95703125
369,2565.95703125
370,2465.95703125
371,2465.95703125
372,2565.95703125
373,2465.95703125
374,2465.95703125
375,2565.95703125
376,2465.95703125
377,2465.95703125
378,2565.95703125
379,2465.95703125
380,2465.95703125
381,2565.95703125
382,2465.95703125
383,2465.95703125
384,2565.95703125
385,2465.95703125
386,2565.95703125
387,2565.95703125
388,2565.95703125
389,2565.95703125
390,2665.95703125
391,2565.95703125
392,2665.95703125
393,2665.95703125
394,2665.95703125
395,2665.95703125
396,2765.95703125
397,2665.95703125
398,3065.95703125
399,3165.95703125
400,3065.95703125
401,3165.95703125
402,3265.95703125
403,3165.95703125
404,3065.95703125
405,3165.95703125
406,3065.95703125
407,2265.95703125
408,2465.95703125
409,2565.95703125
410,2565.95703125
411,2565.95703125
412,2565.95703125
413,2565.95703125
414,2465.95703125
415,2465.95703125
416,2465.95703125
417,2465.95703125
418,2465.95703125
419,2465.95703125
420,2465.95703125
421,2465.95703125
422,2565.95703125
423,2565.95703125
424,2665.95703125
425,2665.95703125
426,2365.95703125
427,2565.95703125
428,2565.95703125
429,2665.95703125
430,2665.95703125
431,2665.95703125
432,2565.95703125
433,2565.95703125
434,2565.95703125
435,2565.95703125
436,2565.95703125
437,2565.95703125
438,2565.95703125
439,2565.95703125
440,2565.95703125
441,2565.95703125
442,2665.95703125
443,2665.95703125
444,2765.95703125
445,2265.95703125
446,2465.95703125
447,2565.95703125
448,2565.95703125
449,2565.95703125
450,2565.95703125
451,2565.95703125
452,2465.95703125
453,2465.95703125
454,2465.95703125
455,2465.95703125
456,2465.95703125
457,2465.95703125
458,2465.95703125
459,2465.95703125
460,2565.95703125
461,2565.95703125
462,2665.95703125
463,2665.95703125
464,2765.95703125
465,2865.95703125
466,2765.95703125
467,2865.95703125
468,2965.95703125
469,2865.95703125
470,2865.95703125
471,2965.95703125
472,2865.95703125
473,2565.95703125
474,2565.95703125
475,2565.95703125
476,2565.95703125
477,2465.95703125
478,2465.95703125
479,2465.95703125
480,2465.95703125
481,2465.95703125
482,2565.95703125
483,2565.95703125
484,2565.95703125
485,2665.95703125
486,2665.95703125
487,2765.95703125
488,2765.95703125
489,2765.95703125
490,2665.95703125
491,2665.95703125
492,2565.95703125
493,2565.95703125
494,2565.95703125
495,2465.95703125
496,2465.95703125
497,2465.95703125
498,2465.95703125
499,2465.95703125
500,2465.95703125
501,2465.95703125
502,2565.95703125
503,2565.95703125
504,2565.95703125
505,2565.95703125
506,2665.95703125
507,2665.95703125
508,2565.95703125
509,2565.95703125
510,2565.95703125
511,2565.95703125
512,2565.95703125
513,2565.95703125
514,2565.95703125
515,2565.95703125
516,2665.95703125
517,2665.95703125
518,2765.95703125
519,2765.95703125
520,2765.95703125
521,2765.95703125
522,2765.95703125
523,2765.95703125
524,2765.95703125
525,2665.95703125
526,2665.95703125
527,2565.95703125
528,2565.95703125
529,2565.95703125
530,2565.95703125
531,2565.95703125
532,2565.95703125
533,2565.95703125
534,2565.95703125
535,2565.95703125
536,2565.95703125
537,2665.95703125
538,2665.95703125
539,2565.95703125
540,2565.95703125
541,2565.95703125
542,2565.95703125
543,2465.95703125
544,2465.95703125
545,2465.95703125
546,2465.95703125
547,2465.95703125
548,2565.95703125
549,2565.95703125
550,2565.95703125
551,2665.95703125
552,2665.95703125
553,2765.95703125
554,2765.95703125
555,2765.95703125
556,2665.95703125
557,2665.95703125
558,2565.95703125
559,2565.95703125
560,2565.95703125
561,2465.95703125
562,2465.95703125
563,2465.95703125
564,2465.95703125
565,2465.95703125
566,2465.95703125
567,2465.95703125
568,2565.95703125
569,2565.95703125
570,2565.95703125
571,2565.95703125
572,2365.95703125
573,2465.95703125
574,2565.95703125
575,2565.95703125
576,2565.95703125
577,2565.95703125
578,2565.95703125
579,2465.95703125
580,2465.95703125
581,2465.95703125
582,2465.95703125
583,2465.95703125
584,2465.95703125
585,2565.95703125
586,2565.95703125
587,2565.95703125
588,2665.95703125
589,2765.95703125
590,2865.95703125
591,2865.95703125
592,2865.95703125
593,2765.95703125
594,2665.95703125
595,2565.95703125
596,2565.95703125
597,2565.95703125
598,2465.95703125
599,2465.95703125
600,2465.95703125
601,2465.95703125
602,2465.95703125
603,2465.95703125
604,2465.95703125
605,2465.95703125
606,2565.95703125
607,2565.95703125
608,2565.95703125
609,2565.95703125
610,2565.95703125
611,2465.95703125
612,2365.95703125
613,2465.95703125
614,2565.95703125
615,2665.95703125
616,2665.95703125
617,2665.95703125
618,2665.95703125
619,2565.95703125
620,2565.95703125
621,2565.95703125
622,2565.95703125
623,2565.95703125
624,2565.95703125
625,2565.95703125
626,2565.95703125
627,2665.95703125
628,2665.95703125
629,2765.95703125
630,2765.95703125
631,2865.95703125
632,2865.95703125
633,2865.95703125
634,2765.95703125
635,2765.95703125
636,2665.95703125
637,2665.95703125
638,2565.95703125
639,2565.95703125
640,2565.95703125
641,2565.95703125
642,2565.95703125
643,2565.95703125
644,2565.95703125
645,2565.95703125
646,2565.95703125
647,2565.95703125
648,2665.95703125
649,2665.95703125
650,2665.95703125
651,2665.95703125
652,2565.95703125
653,2465.95703125
654,2465.95703125
655,2665.95703125
656,2665.95703125
657,2665.95703125
658,2565.95703125
659,2565.95703125
660,2565.95703125
661,2565.95703125
662,2465.95703125
663,2465.95703125
664,2465.95703125
665,2465.95703125
666,2465.95703125
667,2565.95703125
668,2565.95703125
669,2565.95703125
670,2665.95703125
671,2665.95703125
672,2765.95703125
673,2765.95703125
674,2765.95703125
675,2665.95703125
676,2665.95703125
677,2565.95703125
678,2565.95703125
679,2565.95703125
680,2465.95703125
681,2465.95703125
682,2465.95703125
683,2465.95703125
684,2465.95703125
685,2465.95703125
686,2465.95703125
687,2565.95703125
688,2565.95703125
689,2565.95703125
690,2565.95703125
691,2665.95703125
692,2665.95703125
693,2665.95703125
694,2465.95703125
695,2365.95703125
696,2465.95703125
697,2565.95703125
698,2565.95703125
699,2565.95703125
700,2565.95703125
701,2565.95703125
702,2465.95703125
703,2465.95703125
704,2465.95703125
705,2465.95703125
706,2465.95703125
707,2465.95703125
708,2565.95703125
709,2565.95703125
710,2565.95703125
711,2665.95703125
712,2765.95703125
713,2865.95703125
714,2865.95703125
715,2865.95703125
716,2765.95703125
717,2665.95703125
718,2565.95703125
719,2565.95703125
720,2565.95703125
721,2465.95703125
722,2465.95703125
723,2465.95703125
724,2465.95703125
725,2465.95703125
726,2465.95703125
727,2465.95703125
728,2465.95703125
729,2565.95703125
730,2565.95703125
731,2565.95703125
732,2565.95703125
733,2565.95703125
734,2465.95703125
735,2365.95703125
736,2465.95703125
737,2565.95703125
738,2665.95703125
739,2665.95703125
740,2665.95703125
741,2665.95703125
742,2565.95703125
743,2565.95703125
744,2565.95703125
745,2565.95703125
746,2565.95703125
747,2565.95703125
748,2565.95703125
749,2565.95703125
750,2665.95703125
751,2665.95703125
752,2765.95703125
753,2765.95703125
754,2865.95703125
755,2865.95703125
756,2865.95703125
757,2765.95703125
758,2765.95703125
759,2665.95703125
760,2665.95703125
761,2565.95703125
762,2565.95703125
763,2565.95703125
764,2565.95703125
765,2565.95703125
766,2565.95703125
767,2565.95703125
768,2565.95703125
769,2565.95703125
770,2565.95703125
771,2665.95703125
772,2665.95703125
773,2665.95703125
774,2665.95703125
775,2565.95703125
776,2465.95703125
777,2465.95703125
778,2665.95703125
779,2665.95703125
780,2665.95703125
781,2565.95703125
782,2565.95703125
783,2565.95703125
784,2565.95703125
785,2465.95703125
786,2465.95703125
787,2465.95703125
788,2465.95703125
789,2465.95703125
790,2565.95703125
791,2565.95703125
792,2565.95703125
793,2665.95703125
794,2665.95703125
795,2765.95703125
796,2765.95703125
797,2765.95703125
798,2665.95703125
799,2665.95703125
800,2565.95703125
801,2565.95703125
802,2565.95703125
803,2465.95703125
804,2465.95703125
805,2465.95703125
806,2465.95703125
807,2465.95703125
808,2465.95703125
809,2465.95703125
810,2565.95703125
811,2565.95703125
812,2565.95703125
813,2565.95703125
814,2665.95703125
815,2665.95703125
816,2665.95703125
817,2465.95703125
818,2265.95703125
819,2365.95703125
820,2265.95703125
821,2465.95703125
822,2465.95703125
823,2465.95703125
824,2465.95703125
825,2565.95703125
826,2465.95703125
827,2265.95703125
828,2365.95703125
829,2265.95703125
830,2465.95703125
831,2465.95703125
832,2465.95703125
833,2465.95703125
834,2565.95703125
835,2465.95703125
836,2665.95703125
837,2465.95703125
838,2265.95703125
839,2765.95703125
840,2565.95703125
841,2365.95703125
842,2665.95703125
843,2465.95703125
844,2265.95703125
845,2665.95703125
846,2465.95703125
847,2265.95703125
848,2765.95703125
849,2565.95703125
850,2365.95703125
851,2665.95703125
852,2465.95703125
853,2265.95703125
854,2165.95703125
855,2265.95703125
856,2165.95703125
857,2265.95703125
858,2365.95703125
859,2265.95703125
860,2165.95703125
861,2265.95703125
862,2165.95703125
863,2665.95703125
864,2465.95703125
865,2265.95703125
866,2665.95703125
867,2565.95703125
868,2365.95703125
869,2665.95703125
870,2465.95703125
871,2265.95703125
872,2665.95703125
873,2465.95703125
874,2265.95703125
875,2665.95703125
876,2565.95703125
877,2365.95703125
878,2665.95703125
879,2465.95703125
880,2265.95703125
881,2065.95703125
882,2165.95703125
883,2065.95703125
884,2165.95703125
885,2265.95703125
886,2165.95703125
887,2065.95703125
888,2165.95703125
889,2065.95703125
890,2065.95703125
891,2165.95703125
892,2065.95703125
893,2265.95703125
894,2365.95703125
895,2265.95703125
896,2365.95703125
897,2465.95703125
898,2365.95703125
899,2165.95703125
900,2165.95703125
901,2165.95703125
902,2365.95703125
903,2365.95703125
904,2365.95703125
905,2465.95703125
906,2565.95703125
907,2465.95703125
908,2065.95703125
909,2165.95703125
910,2165.95703125
911,2265.95703125
912,2365.95703125
913,2365.95703125
914,2365.95703125
915,2465.95703125
916,2465.95703125
917,2065.95703125
918,2165.95703125
919,2165.95703125
920,2265.95703125
921,2365.95703125
922,2365.95703125
923,2365.95703125
924,2465.95703125
925,2465.95703125
926,2765.95703125
927,2665.95703125
928,2465.95703125
929,2865.95703125
930,2665.95703125
931,2565.95703125
932,2765.95703125
933,2665.95703125
934,2465.95703125
935,2865.95703125
936,2665.95703125
937,2465.95703125
938,2865.95703125
939,2765.95703125
940,2565.95703125
941,2865.95703125
942,2665.95703125
943,2465.95703125
944,2765.95703125
945,2565.95703125
946,2465.95703125
947,2765.95703125
948,2665.95703125
949,2465.95703125
950,2765.95703125
951,2565.95703125
952,2465.95703125
953,2665.95703125
954,2765.95703125
955,2665.95703125
956,2765.95703125
957,2865.95703125
958,2765.95703125
959,2865.95703125
960,2965.95703125
961,2865.95703125
962,2865.95703125
963,2965.95703125
964,2865.95703125
965,2865.95703125
966,2965.95703125
967,2865.95703125
968,2865.95703125
969,2965.95703125
970,2865.95703125
971,2865.95703125
972,2965.95703125
973,2865.95703125
974,2865.95703125
975,2865.95703125
976,2865.95703125
977,2865.95703125
978,2865.95703125
979,2865.95703125
980,2865.95703125
981,2865.95703125
982,2865.95703125
983,2865.95703125
984,2865.95703125
985,2865.95703125
986,2865.95703125
987,2865.95703125
988,2865.95703125
989,2865.95703125
990,2865.95703125
991,2865.95703125
992,2865.95703125
993,2965.95703125
994,2865.95703125
995,2865.95703125
996,2965.95703125
997,2865.95703125
998,2965.95703125
999,3065.95703125
1000,2965.95703125
1001,2965.95703125
1002,3065.95703125
1003,2965.95703125
1004,3065.95703125
1005,3165.95703125
1006,3065.95703125
1007,3165.95703125
1008,3265.95703125
1009,3165.95703125
1010,3165.95703125
1011,3265.95703125
1012,3165.95703125
1013,3165.95703125
1014,3265.95703125
1015,3165.95703125
1016,3065.95703125
1017,3165.95703125
1018,3065.95703125
1019,2965.95703125
1020,3065.95703125
1021,2965.95703125
1022,2965.95703125
1023,3065.95703125
1024,2965.95703125
1025,2865.95703125
1026,2965.95703125
1027,2865.95703125
1028,2865.95703125
1029,2965.95703125
1030,2865.95703125
1031,2865.95703125
1032,2865.95703125
1033,2865.95703125
1034,2865.95703125
1035,2865.95703125
1036,2865.95703125
1037,2765.95703125
1038,2865.95703125
1039,2765.95703125
1040,2765.95703125
1041,2865.95703125
1042,2765.95703125
1043,2765.95703125
1044,2865.95703125
1045,2765.95703125
1046,2765.95703125
1047,2865.95703125
1048,2765.95703125
1049,2865.95703125
1050,2865.95703125
1051,2865.95703125
1052,2865.95703125
1053,2865.95703125
1054,2865.95703125
1055,2865.95703125
1056,2965.95703125
1057,2865.95703125
1058,2865.95703125
1059,2965.95703125
1060,2865.95703125
1061,2865.95703125
1062,2965.95703125
1063,2865.95703125
1064,2865.95703125
1065,2965.95703125
1066,2865.95703125
1067,2865.95703125
1068,2965.95703125
1069,2865.95703125
1070,2765.95703125
1071,2865.95703125
1072,2765.95703125
1073,2665.95703125
1074,2765.95703125
1075,2665.95703125
1076,2765.95703125
1077,2865.95703125
1078,2765.95703125
1079,2865.95703125
1080,2965.95703125
1081,2865.95703125
1082,2965.95703125
1083,3065.95703125
1084,2965.95703125
1085,2965.95703125
1086,3065.95703125
1087,2965.95703125
1088,2965.95703125
1089,3065.95703125
1090,2965.95703125
1091,2965.95703125
1092,3065.95703125
1093,2965.95703125
1094,2965.95703125
1095,2965.95703125
1096,2965.95703125
1097,2865.95703125
1098,2965.95703125
1099,2865.95703125
1100,2865.95703125
1101,2965.95703125
1102,2865.95703125
1103,2865.95703125
1104,2965.95703125
1105,2865.95703125
1106,2865.95703125
1107,2965.95703125
1108,2865.95703125
1109,2865.95703125
1110,2965.95703125
1111,2865.95703125
1112,2865.95703125
1113,2965.95703125
1114,2865.95703125
1115,2965.95703125
1116,2965.95703125
1117,2965.95703125
1118,2965.95703125
1119,3065.95703125
1120,2965.95703125
1121,3065.95703125
1122,3065.95703125
1123,3065.95703125
1124,3065.95703125
1125,3165.95703125
1126,3065.95703125
1127,3165.95703125
1128,3165.95703125
1129,3165.95703125
1130,3165.95703125
1131,3265.95703125
1132,3165.95703125
1133,3165.95703125
1134,3265.95703125
1135,3165.95703125
1136,3165.95703125
1137,3265.95703125
1138,3165.95703125
1139,3165.95703125
1140,3165.95703125
1141,3165.95703125
1142,3065.95703125
1143,3165.95703125
1144,3065.95703125
1145,3065.95703125
1146,3065.95703125
1147,3065.95703125
1148,2965.95703125
1149,3065.95703125
1150,2965.95703125
1151,2965.95703125
1152,2965.95703125
1153,2965.95703125
1154,2865.95703125
1155,2965.95703125
1156,2865.95703125
1157,2865.95703125
1158,2965.95703125
1159,2865.95703125
1160,2865.95703125
1161,2965.95703125
1162,2865.95703125
1163,2865.95703125
1164,2965.95703125
1165,2865.95703125
1166,2865.95703125
1167,2965.95703125
1168,2865.95703125
1169,2865.95703125
1170,2965.95703125
1171,2865.95703125
1172,2865.95703125
1173,2965.95703125
1174,2865.95703125
1175,2865.95703125
1176,2965.95703125
1177,2865.95703125
1178,2965.95703125
1179,2965.95703125
1180,2965.95703125
1181,2965.95703125
1182,3065.95703125
1183,2965.95703125
1184,2965.95703125
1185,3065.95703125
1186,2965.95703125
1187,2965.95703125
1188,3065.95703125
1189,2965.95703125
1190,2965.95703125
1191,3065.95703125
1192,2965.95703125
1193,2865.95703125
1194,2965.95703125
1195,2865.95703125
1196,2765.95703125
1197,2865.95703125
1198,2765.95703125
1199,2765.95703125
1200,2865.95703125
1201,2765.95703125
1202,2965.95703125
1203,2965.95703125
1204,2965.95703125
1205,2965.95703125
1206,3065.95703125
1207,2965.95703125
1208,2965.95703125
1209,3065.95703125
1210,2965.95703125
1211,2865.95703125
1212,2965.95703125
1213,2865.95703125
1214,2865.95703125
1215,2965.95703125
1216,2865.95703125
1217,2865.95703125
1218,2965.95703125
1219,2865.95703125
1220,2865.95703125
1221,2865.95703125
1222,2865.95703125
1223,2865.95703125
1224,2865.95703125
1225,2865.95703125
1226,2865.95703125
1227,2865.95703125
1228,2865.95703125
1229,2865.95703125
1230,2865.95703125
1231,2865.95703125
1232,2865.95703125
1233,2865.95703125
1234,2865.95703125
1235,2865.95703125
1236,2865.95703125
1237,2865.95703125
1238,2865.95703125
1239,2965.95703125
1240,2865.95703125
1241,2865.95703125
1242,2965.95703125
1243,2865.95703125
1244,2965.95703125
1245,2965.95703125
1246,2965.95703125
1247,2965.95703125
1248,3065.95703125
1249,2965.95703125
1250,3065.95703125
1251,3065.95703125
1252,3065.95703125
1253,3065.95703125
1254,3165.95703125
1255,3065.95703125
1256,3065.95703125
1257,3165.95703125
1258,3065.95703125
1259,3065.95703125
1260,3165.95703125
1261,3065.95703125
1262,3065.95703125
1263,3065.95703125
1264,3065.95703125
1265,2965.95703125
1266,3065.95703125
1267,2965.95703125
1268,2965.95703125
1269,2965.95703125
1270,2965.95703125
1271,2865.95703125
1272,2965.95703125
1273,2865.95703125
1274,2865.95703125
1275,2965.95703125
1276,2865.95703125
1277,2865.95703125
1278,2865.95703125
1279,2865.95703125
1280,2865.95703125
1281,2865.95703125
1282,2865.95703125
1283,2765.95703125
1284,2865.95703125
1285,2765.95703125
1286,2765.95703125
1287,2865.95703125
1288,2765.95703125
1289,2765.95703125
1290,2865.95703125
1291,2765.95703125
1292,2765.95703125
1293,2865.95703125
1294,2765.95703125
1295,2865.95703125
1296,2865.95703125
1297,2865.95703125
1298,2865.95703125
1299,2865.95703125
1300,2865.95703125
1301,2865.95703125
1302,2965.95703125
1303,2865.95703125
1304,2865.95703125
1305,2965.95703125
1306,2865.95703125
1307,2865.95703125
1308,2965.95703125
1309,2865.95703125
1310,2965.95703125
1311,3065.95703125
1312,2965.95703125
1313,2965.95703125
1314,3065.95703125
1315,2965.95703125
1316,2965.95703125
1317,2965.95703125
1318,2965.95703125
1319,2765.95703125
1320,2865.95703125
1321,2765.95703125
1322,2965.95703125
1323,2765.95703125
1324,2565.95703125
1325,3065.95703125
1326,2865.95703125
1327,2665.95703125
1328,2965.95703125
1329,2765.95703125
1330,2565.95703125
1331,3065.95703125
1332,2865.95703125
1333,2665.95703125
1334,3165.95703125
1335,2965.95703125
1336,2765.95703125
1337,3065.95703125
1338,2865.95703125
1339,2665.95703125
1340,2965.95703125
1341,2765.95703125
1342,2565.95703125
1343,3065.95703125
1344,2865.95703125
1345,2665.95703125
1346,2965.95703125
1347,2765.95703125
1348,2565.95703125
1349,2465.95703125
1350,2465.95703125
1351,2465.95703125
1352,2465.95703125
1353,2565.95703125
1354,2565.95703125
1355,2465.95703125
1356,2465.95703125
1357,2465.95703125
1358,2565.95703125
1359,2665.95703125
1360,2665.95703125
1361,2665.95703125
1362,2765.95703125
1363,2665.95703125
1364,2565.95703125
1365,2665.95703125
1366,2665.95703125
1367,2765.95703125
1368,2865.95703125
1369,2765.95703125
1370,2765.95703125
1371,2865.95703125
1372,2865.95703125
1373,2765.95703125
1374,2865.95703125
1375,2765.95703125
1376,2765.95703125
1377,2865.95703125
1378,2665.95703125
1379,2565.95703125
1380,2265.95703125
1381,2365.95703125
1382,2565.95703125
1383,2565.95703125
1384,2365.95703125
1385,2565.95703125
1386,2665.95703125
1387,2865.95703125
1388,2665.95703125
1389,2565.95703125
1390,2365.95703125
1391,2065.95703125
1392,2265.95703125
1393,2365.95703125
1394,2265.95703125
1395,2565.95703125
1396,2565.95703125
1397,2365.95703125
1398,2265.95703125
1399,1965.9569091796875
1400,2065.95703125
1401,2265.95703125
1402,2065.95703125
1403,2365.95703125
1404,2265.95703125
1405,1965.9569091796875
1406,1965.9569091796875
1407,1632.4644775390625
1408,1632.4644775390625
1409,1965.9569091796875
1410,1632.4644775390625
1411,1965.9569091796875
1412,2965.95703125
1413,2865.95703125
1414,2865.95703125
1415,2565.95703125
1416,2665.95703125
1417,2765.95703125
1418,2765.95703125
1419,2865.95703125
1420,2765.95703125
1421,2665.95703125
1422,2365.95703125
1423,2465.95703125
1424,2565.95703125
1425,2665.95703125
1426,2465.95703125
1427,2165.95703125
1428,2365.95703125
1429,2365.95703125
1430,2365.95703125
1431,2165.95703125
1432,1865.9569091796875
1433,2065.95703125
1434,2065.95703125
1435,2965.95703125
1436,2865.95703125
1437,2865.95703125
1438,2565.95703125
1439,2565.95703125
1440,2765.95703125
1441,2665.95703125
1442,2865.95703125
1443,2665.95703125
1444,2665.95703125
1445,2365.95703125
1446,2365.95703125
1447,2565.95703125
1448,2565.95703125
1449,2465.95703125
1450,2165.95703125
1451,2265.95703125
1452,2365.95703125
1453,2265.95703125
1454,2165.95703125
1455,1865.9569091796875
1456,1965.9569091796875
1457,1965.9569091796875
1458,2765.95703125
1459,2565.95703125
1460,2665.95703125
1461,2365.95703125
1462,2265.95703125
1463,2565.95703125
1464,2365.95703125
1465,2565.95703125
1466,2365.95703125
1467,2565.95703125
1468,2265.95703125
1469,2065.95703125
1470,2265.95703125
1471,2265.95703125
1472,2365.95703125
1473,2065.95703125
1474,1965.9569091796875
1475,2065.95703125
1476,1965.9569091796875
1477,1965.9569091796875
1478,1632.4644775390625
1479,1632.4644775390625
1480,1632.4644775390625
1481,2765.95703125
1482,2865.95703125
1483,2665.95703125
1484,2565.95703125
1485,2465.95703125
1486,2565.95703125
1487,2865.95703125
1488,2865.95703125
1489,2765.95703125
1490,2565.95703125
1491,2465.95703125
1492,2365.95703125
1493,2665.95703125
1494,2565.95703125
1495,2365.95703125
1496,2265.95703125
1497,2165.95703125
1498,2465.95703125
1499,2365.95703125
1500,2065.95703125
1501,2065.95703125
1502,1865.9569091796875
1503,2165.95703125
1504,2965.95703125
1505,2965.95703125
1506,2865.95703125
1507,2865.95703125
1508,2965.95703125
1509,2865.95703125
1510,2765.95703125
1511,2765.95703125
1512,2665.95703125
1513,2565.95703125
1514,2565.95703125
1515,2465.95703125
1516,2165.95703125
1517,2165.95703125
1518,2965.95703125
1519,2865.95703125
1520,2865.95703125
1521,2865.95703125
1522,2865.95703125
1523,2765.95703125
1524,2765.95703125
1525,2665.95703125
1526,2565.95703125
1527,2565.95703125
1528,2465.95703125
1529,2365.95703125
1530,2165.95703125
1531,2165.95703125
1532,2765.95703125
1533,2565.95703125
1534,2665.95703125
1535,2465.95703125
1536,2565.95703125
1537,2465.95703125
1538,2565.95703125
1539,2365.95703125
1540,2265.95703125
1541,2365.95703125
1542,2165.95703125
1543,2065.95703125
1544,2065.95703125
1545,1865.9569091796875
1546,2665.95703125
1547,2765.95703125
1548,2665.95703125
1549,2465.95703125
1550,2465.95703125
1551,2565.95703125
1552,2765.95703125
1553,2865.95703125
1554,2665.95703125
1555,2465.95703125
1556,2365.95703125
1557,2365.95703125
1558,2665.95703125
1559,2565.95703125
1560,2365.95703125
1561,2265.95703125
1562,2165.95703125
1563,2465.95703125
1564,2265.95703125
1565,1965.9569091796875
1566,1965.9569091796875
1567,1765.9569091796875
1568,2165.95703125
1569,2865.95703125
1570,2865.95703125
1571,2765.95703125
1572,2865.95703125
1573,2965.95703125
1574,2765.95703125
1575,2665.95703125
1576,2765.95703125
1577,2565.95703125
1578,2465.95703125
1579,2565.95703125
1580,2365.95703125
1581,2165.95703125
1582,2165.95703125
1583,2865.95703125
1584,2765.95703125
1585,2765.95703125
1586,2765.95703125
1587,2865.95703125
1588,2665.95703125
1589,2665.95703125
1590,2665.95703125
1591,2565.95703125
1592,2465.95703125
1593,2465.95703125
1594,2265.95703125
1595,2165.95703125
1596,2165.95703125
1597,2665.95703125
1598,2465.95703125
1599,2665.95703125
1600,2465.95703125
1601,2565.95703125
1602,2365.95703125
1603,2465.95703125
1604,2365.95703125
1605,2265.95703125
1606,2365.95703125
1607,2165.95703125
1608,1965.9569091796875
1609,1965.9569091796875
1610,1765.9569091796875
1611,2365.95703125
1612,2465.95703125
1613,2265.95703125
1614,2165.95703125
1615,2265.95703125
1616,2365.95703125
1617,2565.95703125
1618,2665.95703125
1619,2365.95703125
1620,2165.95703125
1621,2065.95703125
1622,2165.95703125
1623,2465.95703125
1624,2165.95703125
1625,1965.9569091796875
1626,1865.9569091796875
1627,1965.9569091796875
1628,2365.95703125
1629,1965.9569091796875
1630,1632.4644775390625
1631,1632.4644775390625
1632,1632.4644775390625
1633,1965.9569091796875
1634,2565.95703125
1635,2565.95703125
1636,2465.95703125
1637,2665.95703125
1638,2765.95703125
1639,2465.95703125
1640,2365.95703125
1641,2565.95703125
1642,2265.95703125
1643,2165.95703125
1644,2365.95703125
1645,2065.95703125
1646,1765.9569091796875
1647,2065.95703125
1648,2565.95703125
1649,2465.95703125
1650,2465.95703125
1651,2565.95703125
1652,2665.95703125
1653,2365.95703125
1654,2365.95703125
1655,2465.95703125
1656,2165.95703125
1657,2165.95703125
1658,2365.95703125
1659,1965.9569091796875
1660,1765.9569091796875
1661,1965.9569091796875
1662,2365.95703125
1663,2165.95703125
1664,2265.95703125
1665,2265.95703125
1666,2365.95703125
1667,2065.95703125
1668,2165.95703125
1669,2165.95703125
1670,1865.9569091796875
1671,1965.9569091796875
1672,1965.9569091796875
1673,1632.4644775390625
1674,1632.4644775390625
1675,1632.4644775390625
1676,2165.95703125
1677,2565.95703125
1678,2565.95703125
1679,2165.95703125
1680,1865.9569091796875
1681,2165.95703125
1682,2165.95703125
1683,1865.9569091796875
1684,2165.95703125
1685,1865.9569091796875
1686,2565.95703125
1687,2165.95703125
1688,2665.95703125
1689,2565.95703125
1690,2365.95703125
1691,2065.95703125
1692,2265.95703125
1693,2365.95703125
1694,2265.95703125
1695,2565.95703125
1696,2665.95703125
1697,2565.95703125
1698,2365.95703125
1699,2065.95703125
1700,2165.95703125
1701,2365.95703125
1702,2165.95703125
1703,2565.95703125
1704,2565.95703125
1705,2165.95703125
1706,2165.95703125
1707,1865.9569091796875
1708,1865.9569091796875
1709,2165.95703125
1710,1865.9569091796875
1711,2165.95703125
1712,2465.95703125
1713,2665.95703125
1714,2765.95703125
1715,2365.95703125
1716,2365.95703125
1717,2065.95703125
1718,2665.95703125
1719,2365.95703125
1720,2865.95703125
1721,2765.95703125
1722,2465.95703125
1723,2565.95703125
1724,2765.95703125
1725,2865.95703125
1726,2765.95703125
1727,2365.95703125
1728,2565.95703125
1729,2665.95703125
1730,2665.95703125
1731,2465.95703125
1732,2065.95703125
1733,2365.95703125
1734,2365.95703125
1735,2565.95703125
1736,2765.95703125
1737,2865.95703125
1738,2465.95703125
1739,2465.95703125
1740,2165.95703125
1741,2765.95703125
1742,2465.95703125
1743,2865.95703125
1744,2865.95703125
1745,2565.95703125
1746,2565.95703125
1747,2765.95703125
1748,2865.95703125
1749,2865.95703125
1750,2465.95703125
1751,2565.95703125
1752,2765.95703125
1753,2765.95703125
1754,2565.95703125
1755,2165.95703125
1756,2465.95703125
1757,2465.95703125
1758,2565.95703125
1759,2765.95703125
1760,2865.95703125
1761,2565.95703125
1762,2465.95703125
1763,2265.95703125
1764,2765.95703125
1765,2465.95703125
1766,2965.95703125
1767,2965.95703125
1768,2665.95703125
1769,2565.95703125
1770,2865.95703125
1771,2965.95703125
1772,2865.95703125
1773,2565.95703125
1774,2565.95703125
1775,2765.95703125
1776,2765.95703125
1777,2565.95703125
1778,2265.95703125
1779,2465.95703125
1780,2465.95703125
1781,2565.95703125
1782,2765.95703125
1783,2865.95703125
1784,2565.95703125
1785,2465.95703125
1786,2265.95703125
1787,2765.95703125
1788,2465.95703125
1789,2965.95703125
1790,2965.95703125
1791,2665.95703125
1792,2565.95703125
1793,2865.95703125
1794,2965.95703125
1795,2865.95703125
1796,2565.95703125
1797,2565.95703125
1798,2765.95703125
1799,2765.95703125
1800,2565.95703125
1801,2265.95703125
1802,2465.95703125
1803,2465.95703125
1804,2565.95703125
1805,2765.95703125
1806,2865.95703125
1807,2565.95703125
1808,2465.95703125
1809,2265.95703125
1810,2765.95703125
1811,2465.95703125
1812,2965.95703125
1813,2965.95703125
1814,2665.95703125
1815,2565.95703125
1816,2865.95703125
1817,2965.95703125
1818,2865.95703125
1819,2565.95703125
1820,2565.95703125
1821,2765.95703125
1822,2765.95703125
1823,2565.95703125
1824,2265.95703125
1825,2465.95703125
1826,2465.95703125
1827,2565.95703125
1828,2765.95703125
1829,2865.95703125
1830,2565.95703125
1831,2465.95703125
1832,2165.95703125
1833,2765.95703125
1834,2465.95703125
1835,2865.95703125
1836,2965.95703125
1837,2565.95703125
1838,2565.95703125
1839,2765.95703125
1840,2865.95703125
1841,2865.95703125
1842,2565.95703125
1843,2565.95703125
1844,2765.95703125
1845,2765.95703125
1846,2565.95703125
1847,2165.95703125
1848,2465.95703125
1849,2465.95703125
1850,2565.95703125
1851,2765.95703125
1852,2865.95703125
1853,2565.95703125
1854,2365.95703125
1855,2165.95703125
1856,2765.95703125
1857,2365.95703125
1858,2865.95703125
1859,2865.95703125
1860,2565.95703125
1861,2565.95703125
1862,2765.95703125
1863,2865.95703125
1864,2865.95703125
1865,2565.95703125
1866,2565.95703125
1867,2765.95703125
1868,2765.95703125
1869,2565.95703125
1870,2165.95703125
1871,2365.95703125
1872,2365.95703125
1873,2465.95703125
1874,2665.95703125
1875,2865.95703125
1876,2465.95703125
1877,2365.95703125
1878,2165.95703125
1879,2665.95703125
1880,2365.95703125
1881,2865.95703125
1882,2865.95703125
1883,2565.95703125
1884,2565.95703125
1885,2765.95703125
1886,2865.95703125
1887,2865.95703125
1888,2465.95703125
1889,2565.95703125
1890,2665.95703125
1891,2665.95703125
1892,2465.95703125
1893,2165.95703125
1894,2365.95703125
1895,2365.95703125
1896,2465.95703125
1897,2665.95703125
1898,2865.95703125
1899,2465.95703125
1900,2365.95703125
1901,2165.95703125
1902,2665.95703125
1903,2365.95703125
1904,2865.95703125
1905,2865.95703125
1906,2565.95703125
1907,2565.95703125
1908,2765.95703125
1909,2865.95703125
1910,2865.95703125
1911,2465.95703125
1912,2565.95703125
1913,2665.95703125
1914,2665.95703125
1915,2465.95703125
1916,2165.95703125
1917,2365.95703125
1918,2365.95703125
1919,2465.95703125
1920,2665.95703125
1921,2865.95703125
1922,2465.95703125
1923,2365.95703125
1924,2165.95703125
1925,2665.95703125
1926,2365.95703125
1927,2865.95703125
1928,2865.95703125
1929,2565.95703125
1930,2565.95703125
1931,2765.95703125
1932,2865.95703125
1933,2865.95703125
1934,2465.95703125
1935,2565.95703125
1936,2665.95703125
1937,2665.95703125
1938,2465.95703125
1939,2165.95703125
1940,2365.95703125
1941,2365.95703125
1942,2465.95703125
1943,2665.95703125
1944,2865.95703125
1945,2465.95703125
1946,2365.95703125
1947,2165.95703125
1948,2665.95703125
1949,2365.95703125
1950,2865.95703125
1951,2865.95703125
1952,2565.95703125
1953,2565.95703125
1954,2765.95703125
1955,2865.95703125
1956,2865.95703125
1957,2465.95703125
1958,2565.95703125
1959,2665.95703125
1960,2665.95703125
1961,2465.95703125
1962,2165.95703125
1963,2365.95703125
1964,2365.95703125
1965,2465.95703125
1966,2765.95703125
1967,2865.95703125
1968,2465.95703125
1969,2365.95703125
1970,2165.95703125
1971,2765.95703125
1972,2365.95703125
1973,2865.95703125
1974,2865.95703125
1975,2565.95703125
1976,2565.95703125
1977,2765.95703125
1978,2865.95703125
1979,2865.95703125
1980,2465.95703125
1981,2565.95703125
1982,2765.95703125
1983,2765.95703125
1984,2465.95703125
1985,2165.95703125
1986,2365.95703125
1987,2365.95703125
1988,2565.95703125
1989,2765.95703125
1990,2865.95703125
1991,2565.95703125
1992,2465.95703125
1993,2165.95703125
1994,2765.95703125
1995,2465.95703125
1996,2965.95703125
1997,2965.95703125
1998,2565.95703125
1999,2565.95703125
2000,2865.95703125
2001,2965.95703125
2002,2865.95703125
2003,2565.95703125
2004,2565.95703125
2005,2765.95703125
2006,2765.95703125
2007,2565.95703125
2008,2165.95703125
2009,2465.95703125
2010,2465.95703125
2011,2565.95703125
2012,2765.95703125
2013,2865.95703125
2014,2565.95703125
2015,2465.95703125
2016,2265.95703125
2017,2765.95703125
2018,2465.95703125
2019,2965.95703125
2020,2965.95703125
2021,2665.95703125
2022,2665.95703125
2023,2865.95703125
2024,2965.95703125
2025,2865.95703125
2026,2565.95703125
2027,2665.95703125
2028,2765.95703125
2029,2765.95703125
2030,2565.95703125
2031,2265.95703125
2032,2465.95703125
2033,2465.95703125
2034,2565.95703125
2035,2865.95703125
2036,2965.95703125
2037,2565.95703125
2038,2465.95703125
2039,2265.95703125
2040,2865.95703125
2041,2465.95703125
2042,2965.95703125
2043,2965.95703125
2044,2665.95703125
2045,2665.95703125
2046,2865.95703125
2047,2965.95703125
2048,2965.95703125
2049,2565.95703125
2050,2665.95703125
2051,2865.95703125
2052,2865.95703125
2053,2565.95703125
2054,2265.95703125
2055,2465.95703125
2056,2465.95703125
2057,2665.95703125
2058,2865.95703125
2059,2965.95703125
2060,2665.95703125
2061,2565.95703125
2062,2365.95703125
2063,2865.95703125
2064,2565.95703125
2065,3065.95703125
2066,3065.95703125
2067,2765.95703125
2068,2765.95703125
2069,2965.95703125
2070,3065.95703125
2071,2965.95703125
2072,2665.95703125
2073,2765.95703125
2074,2865.95703125
2075,2865.95703125
2076,2665.95703125
2077,2365.95703125
2078,2565.95703125
2079,2565.95703125
2080,2765.95703125
2081,2965.95703125
2082,3065.95703125
2083,2765.95703125
2084,2765.95703125
2085,2465.95703125
2086,3065.95703125
2087,2665.95703125
2088,3165.95703125
2089,3165.95703125
2090,2865.95703125
2091,2965.95703125
2092,3065.95703125
2093,3165.95703125
2094,3065.95703125
2095,2765.95703125
2096,2965.95703125
2097,3065.95703125
2098,2965.95703125
2099,2765.95703125
2100,2465.95703125
2101,2765.95703125
2102,2665.95703125
2103,2765.95703125
2104,3065.95703125
2105,3165.95703125
2106,3065.95703125
2107,2965.95703125
2108,2665.95703125
2109,3165.95703125
2110,2865.95703125
2111,3265.95703125
2112,3265.95703125
2113,3065.95703125
2114,3165.95703125
2115,3265.95703125
2116,3265.95703125
2117,3165.95703125
2118,3065.95703125
2119,3165.95703125
2120,3165.95703125
2121,3065.95703125
2122,2765.95703125
2123,2665.95703125
2124,2965.95703125
2125,2865.95703125
2126,2865.95703125
2127,3065.95703125
2128,3165.95703125
2129,3165.95703125
2130,3065.95703125
2131,2765.95703125
2132,3165.95703125
2133,2865.95703125
2134,3265.95703125
2135,3265.95703125
2136,3265.95703125
2137,3165.95703125
2138,3265.95703125
2139,3265.95703125
2140,3165.95703125
2141,3165.95703125
2142,3165.95703125
2143,3165.95703125
2144,3065.95703125
2145,2865.95703125
2146,2765.95703125
2147,3065.95703125
2148,2865.95703125
2149,2865.95703125
2150,3065.95703125
2151,3165.95703125
2152,3165.95703125
2153,2965.95703125
2154,2765.95703125
2155,3165.95703125
2156,2865.95703125
2157,3265.95703125
2158,3265.95703125
2159,3265.95703125
2160,3165.95703125
2161,3265.95703125
2162,3265.95703125
2163,3165.95703125
2164,3165.95703125
2165,3165.95703125
2166,3165.95703125
2167,3065.95703125
2168,2865.95703125
2169,2765.95703125
2170,2965.95703125
2171,2865.95703125
2172,2765.95703125
2173,2965.95703125
2174,3165.95703125
2175,3065.95703125
2176,2765.95703125
2177,2665.95703125
2178,3065.95703125
2179,2665.95703125
2180,3165.95703125
2181,3265.95703125
2182,3065.95703125
2183,2965.95703125
2184,3065.95703125
2185,3165.95703125
2186,3165.95703125
2187,3065.95703125
2188,2965.95703125
2189,3065.95703125
2190,2965.95703125
2191,2765.95703125
2192,2665.95703125
2193,2765.95703125
2194,2665.95703125
2195,2765.95703125
2196,2865.95703125
2197,3065.95703125
2198,2765.95703125
2199,2565.95703125
2200,2465.95703125
2201,2865.95703125
2202,2565.95703125
2203,3065.95703125
2204,3165.95703125
2205,2865.95703125
2206,2765.95703125
2207,2965.95703125
2208,3065.95703125
2209,3065.95703125
2210,2765.95703125
2211,2765.95703125
2212,2865.95703125
2213,2865.95703125
2214,2765.95703125
2215,2465.95703125
2216,2565.95703125
2217,2565.95703125
2218,2665.95703125
2219,2865.95703125
2220,2965.95703125
2221,2665.95703125
2222,2465.95703125
2223,2365.95703125
2224,2865.95703125
2225,2465.95703125
2226,2965.95703125
2227,3065.95703125
2228,2765.95703125
2229,2665.95703125
2230,2865.95703125
2231,2965.95703125
2232,2965.95703125
2233,2665.95703125
2234,2665.95703125
2235,2865.95703125
2236,2865.95703125
2237,2665.95703125
2238,2365.95703125
2239,2465.95703125
2240,2465.95703125
2241,2565.95703125
2242,2765.95703125
2243,2965.95703125
2244,2565.95703125
2245,2465.95703125
2246,2265.95703125
2247,2765.95703125
2248,2465.95703125
2249,2965.95703125
2250,2965.95703125
2251,2665.95703125
2252,2665.95703125
2253,2865.95703125
2254,2965.95703125
2255,2965.95703125
2256,2565.95703125
2257,2665.95703125
2258,2765.95703125
2259,2765.95703125
2260,2565.95703125
2261,2265.95703125
2262,2465.95703125
2263,2465.95703125
2264,2565.95703125
2265,2765.95703125
2266,2865.95703125
2267,2565.95703125
2268,2465.95703125
2269,2265.95703125
2270,2765.95703125
2271,2465.95703125
2272,2965.95703125
2273,2965.95703125
2274,2665.95703125
2275,2565.95703125
2276,2865.95703125
2277,2965.95703125
2278,2865.95703125
2279,2565.95703125
2280,2565.95703125
2281,2765.95703125
2282,2765.95703125
2283,2565.95703125
2284,2265.95703125
2285,2465.95703125
2286,2465.95703125
2287,2565.95703125
2288,2765.95703125
2289,2865.95703125
2290,2565.95703125
2291,2365.95703125
2292,2165.95703125
2293,2765.95703125
2294,2365.95703125
2295,2865.95703125
2296,2965.95703125
2297,2565.95703125
2298,2565.95703125
2299,2765.95703125
2300,2865.95703125
2301,2865.95703125
2302,2565.95703125
2303,2565.95703125
2304,2765.95703125
2305,2765.95703125
2306,2565.95703125
2307,2165.95703125
2308,2365.95703125
2309,2365.95703125
2310,2465.95703125
2311,2665.95703125
2312,2865.95703125
2313,2465.95703125
2314,2365.95703125
2315,2165.95703125
2316,2665.95703125
2317,2365.95703125
2318,2865.95703125
2319,2865.95703125
2320,2565.95703125
2321,2565.95703125
2322,2765.95703125
2323,2865.95703125
2324,2865.95703125
2325,2465.95703125
2326,2565.95703125
2327,2665.95703125
2328,2665.95703125
2329,2465.95703125
2330,2165.95703125
2331,2365.95703125
2332,2365.95703125
2333,2465.95703125
2334,2665.95703125
2335,2865.95703125
2336,2465.95703125
2337,2365.95703125
2338,2165.95703125
2339,2665.95703125
2340,2365.95703125
2341,2865.95703125
2342,2865.95703125
2343,2565.95703125
2344,2565.95703125
2345,2765.95703125
2346,2865.95703125
2347,2865.95703125
2348,2465.95703125
2349,2565.95703125
2350,2665.95703125
2351,2665.95703125
2352,2465.95703125
2353,2165.95703125
2354,2365.95703125
2355,2365.95703125
2356,2465.95703125
2357,2665.95703125
2358,2765.95703125
2359,2465.95703125
2360,2365.95703125
2361,2165.95703125
2362,2665.95703125
2363,2365.95703125
2364,2865.95703125
2365,2865.95703125
2366,2565.95703125
2367,2565.95703125
2368,2765.95703125
2369,2865.95703125
2370,2765.95703125
2371,2465.95703125
2372,2565.95703125
2373,2665.95703125
2374,2665.95703125
2375,2465.95703125
2376,2165.95703125
2377,2365.95703125
2378,2365.95703125
2379,2465.95703125
2380,2665.95703125
2381,2765.95703125
2382,2465.95703125
2383,2365.95703125
2384,2165.95703125
2385,2665.95703125
2386,2365.95703125
2387,2865.95703125
2388,2865.95703125
2389,2565.95703125
2390,2565.95703125
2391,2765.95703125
2392,2865.95703125
2393,2765.95703125
2394,2465.95703125
2395,2565.95703125
2396,2665.95703125
2397,2665.95703125
2398,2465.95703125
2399,2165.95703125
2400,2365.95703125
2401,2365.95703125
2402,2465.95703125
2403,2665.95703125
2404,2765.95703125
2405,2465.95703125
2406,2365.95703125
2407,2165.95703125
2408,2665.95703125
2409,2365.95703125
2410,2865.95703125
2411,2865.95703125
2412,2565.95703125
2413,2565.95703125
2414,2765.95703125
2415,2865.95703125
2416,2765.95703125
2417,2465.95703125
2418,2565.95703125
2419,2665.95703125
2420,2665.95703125
2421,2465.95703125
2422,2165.95703125
2423,2365.95703125
2424,2365.95703125
2425,2465.95703125
2426,2665.95703125
2427,2865.95703125
2428,2465.95703125
2429,2365.95703125
2430,2165.95703125
2431,2665.95703125
2432,2365.95703125
2433,2865.95703125
2434,2865.95703125
2435,2565.95703125
2436,2565.95703125
2437,2765.95703125
2438,2865.95703125
2439,2865.95703125
2440,2465.95703125
2441,2565.95703125
2442,2665.95703125
2443,2665.95703125
2444,2465.95703125
2445,2165.95703125
2446,2365.95703125
2447,2365.95703125
2448,2465.95703125
2449,2765.95703125
2450,2865.95703125
2451,2465.95703125
2452,2365.95703125
2453,2165.95703125
2454,2765.95703125
2455,2365.95703125
2456,2865.95703125
2457,2865.95703125
2458,2565.95703125
2459,2565.95703125
2460,2765.95703125
2461,2865.95703125
2462,2865.95703125
2463,2465.95703125
2464,2565.95703125
2465,2765.95703125
2466,2765.95703125
2467,2465.95703125
2468,2165.95703125
2469,2365.95703125
2470,2365.95703125
2471,2565.95703125
2472,2765.95703125
2473,2865.95703125
2474,2565.95703125
2475,2465.95703125
2476,2165.95703125
2477,2765.95703125
2478,2465.95703125
2479,2865.95703125
2480,2865.95703125
2481,2565.95703125
2482,2565.95703125
2483,2765.95703125
2484,2865.95703125
2485,2865.95703125
2486,2565.95703125
2487,2565.95703125
2488,2765.95703125
2489,2765.95703125
2490,2565.95703125
2491,2165.95703125
2492,2465.95703125
2493,2465.95703125
2494,2565.95703125
2495,2765.95703125
2496,2865.95703125
2497,2565.95703125
2498,2465.95703125
2499,2165.95703125
2500,2765.95703125
2501,2465.95703125
2502,2965.95703125
2503,2965.95703125
2504,2565.95703125
2505,2565.95703125
2506,2865.95703125
2507,2965.95703125
2508,2865.95703125
2509,2565.95703125
2510,2565.95703125
2511,2765.95703125
2512,2765.95703125
2513,2565.95703125
2514,2165.95703125
2515,2465.95703125
2516,2465.95703125
2517,2565.95703125
2518,2765.95703125
2519,2865.95703125
2520,2565.95703125
2521,2465.95703125
2522,2265.95703125
2523,2765.95703125
2524,2465.95703125
2525,2965.95703125
2526,2965.95703125
2527,2665.95703125
2528,2565.95703125
2529,2865.95703125
2530,2965.95703125
2531,2865.95703125
2532,2565.95703125
2533,2565.95703125
2534,2765.95703125
2535,2765.95703125
2536,2565.95703125
2537,2265.95703125
2538,2465.95703125
2539,2465.95703125
2540,2565.95703125
2541,2765.95703125
2542,2865.95703125
2543,2565.95703125
2544,2465.95703125
2545,2265.95703125
2546,2765.95703125
2547,2465.95703125
2548,2965.95703125
2549,2965.95703125
2550,2665.95703125
2551,2565.95703125
2552,2865.95703125
2553,2965.95703125
2554,2865.95703125
2555,2565.95703125
2556,2565.95703125
2557,2765.95703125
2558,2765.95703125
2559,2565.95703125
2560,2265.95703125
2561,2465.95703125
2562,2465.95703125
2563,2565.95703125
2564,2765.95703125
2565,2865.95703125
2566,2565.95703125
2567,2465.95703125
2568,2265.95703125
2569,2765.95703125
2570,2465.95703125
2571,2865.95703125
2572,2965.95703125
2573,2665.95703125
2574,2565.95703125
2575,2765.95703125
2576,2865.95703125
2577,2865.95703125
2578,2565.95703125
2579,2565.95703125
2580,2765.95703125
2581,2765.95703125
2582,2565.95703125
2583,2265.95703125
2584,2465.95703125
2585,2465.95703125
2586,2565.95703125
2587,2665.95703125
2588,2865.95703125
2589,2465.95703125
2590,2365.95703125
2591,2165.95703125
2592,2665.95703125
2593,2365.95703125
2594,2865.95703125
2595,2865.95703125
2596,2565.95703125
2597,2565.95703125
2598,2765.95703125
2599,2865.95703125
2600,2865.95703125
2601,2465.95703125
2602,2565.95703125
2603,2665.95703125
2604,2665.95703125
2605,2565.95703125
2606,2165.95703125
2607,2365.95703125
2608,2365.95703125
2609,2465.95703125
2610,2565.95703125
2611,2765.95703125
2612,2365.95703125
2613,2165.95703125
2614,2065.95703125
2615,2565.95703125
2616,2165.95703125
2617,2665.95703125
2618,2765.95703125
2619,2465.95703125
2620,2365.95703125
2621,2565.95703125
2622,2665.95703125
2623,2765.95703125
2624,2365.95703125
2625,2365.95703125
2626,2565.95703125
2627,2565.95703125
2628,2465.95703125
2629,2065.95703125
2630,2165.95703125
2631,2165.95703125
2632,2165.95703125
2633,2165.95703125
2634,2565.95703125
2635,2165.95703125
2636,1865.9569091796875
2637,1865.9569091796875
2638,2165.95703125
2639,1865.9569091796875
2640,2365.95703125
2641,2565.95703125
2642,2265.95703125
2643,2065.95703125
2644,2265.95703125
2645,2365.95703125
2646,2565.95703125
2647,2165.95703125
2648,2065.95703125
2649,2165.95703125
2650,2165.95703125
2651,2165.95703125
2652,1865.9569091796875
2653,1865.9569091796875
2654,1865.9569091796875
2655,2365.95703125
2656,2665.95703125
2657,2665.95703125
2658,2365.95703125
2659,2365.95703125
2660,2065.95703125
2661,2765.95703125
2662,2365.95703125
2663,2865.95703125
2664,2765.95703125
2665,2465.95703125
2666,2465.95703125
2667,2765.95703125
2668,2865.95703125
2669,2665.95703125
2670,2465.95703125
2671,2365.95703125
2672,2765.95703125
2673,2665.95703125
2674,2365.95703125
2675,2365.95703125
2676,2065.95703125
2677,2365.95703125
2678,2565.95703125
2679,2765.95703125
2680,2865.95703125
2681,2865.95703125
2682,2565.95703125
2683,2965.95703125
2684,2965.95703125
2685,2965.95703125
2686,2965.95703125
2687,2865.95703125
2688,2865.95703125
2689,2765.95703125
2690,2565.95703125
2691,2565.95703125
2692,2665.95703125
2693,2865.95703125
2694,2965.95703125
2695,2965.95703125
2696,2565.95703125
2697,3065.95703125
2698,3065.95703125
2699,2965.95703125
2700,3065.95703125
2701,2965.95703125
2702,2965.95703125
2703,2865.95703125
2704,2665.95703125
2705,2565.95703125
2706,2665.95703125
2707,2865.95703125
2708,2965.95703125
2709,2965.95703125
2710,2665.95703125
2711,3065.95703125
2712,3065.95703125
2713,3065.95703125
2714,3065.95703125
2715,2965.95703125
2716,2965.95703125
2717,2865.95703125
2718,2665.95703125
2719,2665.95703125
2720,2665.95703125
2721,2865.95703125
2722,2965.95703125
2723,2965.95703125
2724,2665.95703125
2725,3065.95703125
2726,3065.95703125
2727,2965.95703125
2728,3065.95703125
2729,2965.95703125
2730,2965.95703125
2731,2865.95703125
2732,2665.95703125
2733,2665.95703125
2734,2665.95703125
2735,2865.95703125
2736,2965.95703125
2737,2965.95703125
2738,2565.95703125
2739,2965.95703125
2740,3065.95703125
2741,2965.95703125
2742,2965.95703125
2743,2965.95703125
2744,2965.95703125
2745,2865.95703125
2746,2665.95703125
2747,2565.95703125
2748,2565.95703125
2749,2765.95703125
2750,2965.95703125
2751,2865.95703125
2752,2565.95703125
2753,2965.95703125
2754,2965.95703125
2755,2965.95703125
2756,2965.95703125
2757,2965.95703125
2758,2865.95703125
2759,2765.95703125
2760,2565.95703125
2761,2565.95703125
2762,2565.95703125
2763,2765.95703125
2764,2965.95703125
2765,2865.95703125
2766,2565.95703125
2767,2965.95703125
2768,2965.95703125
2769,2965.95703125
2770,2965.95703125
2771,2965.95703125
2772,2865.95703125
2773,2765.95703125
2774,2565.95703125
2775,2565.95703125
2776,2565.95703125
2777,2765.95703125
2778,2865.95703125
2779,2865.95703125
2780,2565.95703125
2781,2965.95703125
2782,2965.95703125
2783,2965.95703125
2784,2965.95703125
2785,2865.95703125
2786,2865.95703125
2787,2765.95703125
2788,2565.95703125
2789,2565.95703125
2790,2565.95703125
2791,2765.95703125
2792,2865.95703125
2793,2865.95703125
2794,2565.95703125
2795,2965.95703125
2796,2965.95703125
2797,2965.95703125
2798,2965.95703125
2799,2865.95703125
2800,2865.95703125
2801,2765.95703125
2802,2565.95703125
2803,2565.95703125
2804,2565.95703125
2805,2765.95703125
2806,2865.95703125
2807,2865.95703125
2808,2565.95703125
2809,2965.95703125
2810,2965.95703125
2811,2965.95703125
2812,2965.95703125
2813,2865.95703125
2814,2865.95703125
2815,2765.95703125
2816,2565.95703125
2817,2565.95703125
2818,2565.95703125
2819,2765.95703125
2820,2865.95703125
2821,2865.95703125
2822,2565.95703125
2823,2965.95703125
2824,2965.95703125
2825,2965.95703125
2826,2965.95703125
2827,2865.95703125
2828,2865.95703125
2829,2765.95703125
2830,2565.95703125
2831,2565.95703125
2832,2565.95703125
2833,2765.95703125
2834,2865.95703125
2835,2865.95703125
2836,2565.95703125
2837,2965.95703125
2838,2965.95703125
2839,2965.95703125
2840,2965.95703125
2841,2865.95703125
2842,2865.95703125
2843,2765.95703125
2844,2565.95703125
2845,2565.95703125
2846,2565.95703125
2847,2865.95703125
2848,2965.95703125
2849,2965.95703125
2850,2565.95703125
2851,2965.95703125
2852,2965.95703125
2853,2965.95703125
2854,2965.95703125
2855,2965.95703125
2856,2965.95703125
2857,2865.95703125
2858,2565.95703125
2859,2565.95703125
2860,2665.95703125
2861,2865.95703125
2862,2965.95703125
2863,2965.95703125
2864,2665.95703125
2865,3065.95703125
2866,3065.95703125
2867,3065.95703125
2868,3065.95703125
2869,2965.95703125
2870,2965.95703125
2871,2865.95703125
2872,2665.95703125
2873,2665.95703125
2874,2665.95703125
2875,2865.95703125
2876,2965.95703125
2877,2965.95703125
2878,2665.95703125
2879,3065.95703125
2880,3065.95703125
2881,3065.95703125
2882,3065.95703125
2883,2965.95703125
2884,2965.95703125
2885,2865.95703125
2886,2665.95703125
2887,2665.95703125
2888,2665.95703125
2889,2965.95703125
2890,3065.95703125
2891,3065.95703125
2892,2765.95703125
2893,3165.95703125
2894,3165.95703125
2895,3165.95703125
2896,3165.95703125
2897,3065.95703125
2898,3065.95703125
2899,2965.95703125
2900,2665.95703125
2901,2765.95703125
2902,2765.95703125
2903,3065.95703125
2904,3065.95703125
2905,3165.95703125
2906,2765.95703125
2907,3165.95703125
2908,3165.95703125
2909,3165.95703125
2910,3165.95703125
2911,3065.95703125
2912,3165.95703125
2913,3065.95703125
2914,2765.95703125
2915,2765.95703125
2916,2865.95703125
2917,3065.95703125
2918,3165.95703125
2919,3165.95703125
2920,2865.95703125
2921,3265.95703125
2922,3265.95703125
2923,3265.95703125
2924,3265.95703125
2925,3165.95703125
2926,3165.95703125
2927,3065.95703125
2928,2865.95703125
2929,2865.95703125
2930,2865.95703125
2931,3065.95703125
2932,3165.95703125
2933,3165.95703125
2934,2865.95703125
2935,3265.95703125
2936,3265.95703125
2937,3265.95703125
2938,3265.95703125
2939,3165.95703125
2940,3165.95703125
2941,3065.95703125
2942,2865.95703125
2943,2865.95703125
2944,2865.95703125
2945,3065.95703125
2946,3165.95703125
2947,3165.95703125
2948,2865.95703125
2949,3265.95703125
2950,3265.95703125
2951,3265.95703125
2952,3265.95703125
2953,3165.95703125
2954,3165.95703125
2955,3065.95703125
2956,2865.95703125
2957,2865.95703125
2958,2865.95703125
2959,3065.95703125
2960,3165.95703125
2961,3165.95703125
2962,2765.95703125
2963,3165.95703125
2964,3265.95703125
2965,3165.95703125
2966,3165.95703125
2967,3165.95703125
2968,3165.95703125
2969,3065.95703125
2970,2865.95703125
2971,2765.95703125
2972,2765.95703125
2973,2965.95703125
2974,3065.95703125
2975,3065.95703125
2976,2765.95703125
2977,3165.95703125
2978,3165.95703125
2979,3165.95703125
2980,3165.95703125
2981,3065.95703125
2982,3065.95703125
2983,2965.95703125
2984,2765.95703125
2985,2765.95703125
2986,2665.95703125
2987,2865.95703125
2988,3065.95703125
2989,2965.95703125
2990,2665.95703125
2991,3065.95703125
2992,3165.95703125
2993,3065.95703125
2994,3065.95703125
2995,3065.95703125
2996,2965.95703125
2997,2865.95703125
2998,2665.95703125
2999,2665.95703125
3000,2665.95703125
3001,2865.95703125
3002,2965.95703125
3003,2965.95703125
3004,2665.95703125
3005,3065.95703125
3006,3065.95703125
3007,3065.95703125
3008,3065.95703125
3009,2965.95703125
3010,2965.95703125
3011,2865.95703125
3012,2665.95703125
3013,2665.95703125
3014,2665.95703125
3015,2865.95703125
3016,2965.95703125
3017,2965.95703125
3018,2565.95703125
3019,2965.95703125
3020,3065.95703125
3021,2965.95703125
3022,2965.95703125
3023,2965.95703125
3024,2965.95703125
3025,2865.95703125
3026,2665.95703125
3027,2565.95703125
3028,2565.95703125
3029,2765.95703125
3030,2965.95703125
3031,2865.95703125
3032,2565.95703125
3033,2965.95703125
3034,2965.95703125
3035,2965.95703125
3036,2965.95703125
3037,2965.95703125
3038,2865.95703125
3039,2765.95703125
3040,2565.95703125
3041,2565.95703125
3042,2565.95703125
3043,2765.95703125
3044,2865.95703125
3045,2865.95703125
3046,2565.95703125
3047,2965.95703125
3048,2965.95703125
3049,2965.95703125
3050,2965.95703125
3051,2865.95703125
3052,2865.95703125
3053,2765.95703125
3054,2565.95703125
3055,2565.95703125
3056,2565.95703125
3057,2765.95703125
3058,2865.95703125
3059,2865.95703125
3060,2565.95703125
3061,2965.95703125
3062,2965.95703125
3063,2965.95703125
3064,2965.95703125
3065,2865.95703125
3066,2865.95703125
3067,2765.95703125
3068,2565.95703125
3069,2565.95703125
3070,2565.95703125
3071,2765.95703125
3072,2865.95703125
3073,2865.95703125
3074,2565.95703125
3075,2965.95703125
3076,2965.95703125
3077,2965.95703125
3078,2965.95703125
3079,2865.95703125
3080,2865.95703125
3081,2765.95703125
3082,2565.95703125
3083,2565.95703125
3084,2565.95703125
3085,2765.95703125
3086,2865.95703125
3087,2865.95703125
3088,2565.95703125
3089,2965.95703125
3090,2965.95703125
3091,2965.95703125
3092,2965.95703125
3093,2865.95703125
3094,2865.95703125
3095,2765.95703125
3096,2565.95703125
3097,2565.95703125
3098,2565.95703125
3099,2765.95703125
3100,2865.95703125
3101,2865.95703125
3102,2565.95703125
3103,2965.95703125
3104,2965.95703125
3105,2965.95703125
3106,2965.95703125
3107,2865.95703125
3108,2865.95703125
3109,2765.95703125
3110,2565.95703125
3111,2565.95703125
3112,2565.95703125
3113,2765.95703125
3114,2865.95703125
3115,2865.95703125
3116,2565.95703125
3117,2965.95703125
3118,2965.95703125
3119,2965.95703125
3120,2965.95703125
3121,2865.95703125
3122,2865.95703125
3123,2765.95703125
3124,2565.95703125
3125,2565.95703125
3126,2565.95703125
3127,2765.95703125
3128,2865.95703125
3129,2865.95703125
3130,2565.95703125
3131,2965.95703125
3132,2965.95703125
3133,2965.95703125
3134,2965.95703125
3135,2865.95703125
3136,2865.95703125
3137,2765.95703125
3138,2565.95703125
3139,2565.95703125
3140,2565.95703125
3141,2765.95703125
3142,2865.95703125
3143,2865.95703125
3144,2565.95703125
3145,2965.95703125
3146,2965.95703125
3147,2965.95703125
3148,2965.95703125
3149,2865.95703125
3150,2865.95703125
3151,2765.95703125
3152,2565.95703125
3153,2565.95703125
3154,2565.95703125
3155,2865.95703125
3156,2965.95703125
3157,2965.95703125
3158,2565.95703125
3159,2965.95703125
3160,2965.95703125
3161,2965.95703125
3162,2965.95703125
3163,2965.95703125
3164,2965.95703125
3165,2865.95703125
3166,2565.95703125
3167,2565.95703125
3168,2665.95703125
3169,2865.95703125
3170,2965.95703125
3171,2965.95703125
3172,2665.95703125
3173,3065.95703125
3174,3065.95703125
3175,2965.95703125
3176,3065.95703125
3177,2965.95703125
3178,2965.95703125
3179,2865.95703125
3180,2665.95703125
3181,2665.95703125
3182,2665.95703125
3183,2865.95703125
3184,2965.95703125
3185,2965.95703125
3186,2665.95703125
3187,3065.95703125
3188,3065.95703125
3189,3065.95703125
3190,3065.95703125
3191,2965.95703125
3192,2965.95703125
3193,2865.95703125
3194,2665.95703125
3195,2665.95703125
3196,2665.95703125
3197,2865.95703125
3198,2965.95703125
3199,2965.95703125
3200,2565.95703125
3201,3065.95703125
3202,3065.95703125
3203,2965.95703125
3204,3065.95703125
3205,2965.95703125
3206,2965.95703125
3207,2865.95703125
3208,2665.95703125
3209,2565.95703125
3210,2665.95703125
3211,2765.95703125
3212,2965.95703125
3213,2865.95703125
3214,2565.95703125
3215,2965.95703125
3216,3065.95703125
3217,2965.95703125
3218,2965.95703125
3219,2965.95703125
3220,2865.95703125
3221,2765.95703125
3222,2665.95703125
3223,2565.95703125
3224,2565.95703125
3225,2665.95703125
3226,2865.95703125
3227,2765.95703125
3228,2365.95703125
3229,2865.95703125
3230,2965.95703125
3231,2765.95703125
3232,2865.95703125
3233,2865.95703125
3234,2765.95703125
3235,2665.95703125
3236,2565.95703125
3237,2365.95703125
3238,2365.95703125
3239,2365.95703125
3240,2665.95703125
3241,2365.95703125
3242,2065.95703125
3243,2465.95703125
3244,2765.95703125
3245,2465.95703125
3246,2465.95703125
3247,2665.95703125
3248,2365.95703125
3249,2365.95703125
3250,2365.95703125
3251,2065.95703125
3252,2365.95703125
3253,2665.95703125
3254,2665.95703125
3255,2365.95703125
3256,2465.95703125
3257,2165.95703125
3258,2765.95703125
3259,2465.95703125
3260,2865.95703125
3261,2765.95703125
3262,2565.95703125
3263,2565.95703125
3264,2865.95703125
3265,2865.95703125
3266,2665.95703125
3267,2565.95703125
3268,2465.95703125
3269,2765.95703125
3270,2665.95703125
3271,2365.95703125
3272,2365.95703125
3273,2165.95703125
3274,2465.95703125
3275,2565.95703125
3276,2865.95703125
3277,2865.95703125
3278,2965.95703125
3279,2665.95703125
3280,2965.95703125
3281,2965.95703125
3282,2965.95703125
3283,2965.95703125
3284,2865.95703125
3285,2965.95703125
3286,2865.95703125
3287,2565.95703125
3288,2665.95703125
3289,2665.95703125
3290,2865.95703125
3291,2965.95703125
3292,2965.95703125
3293,2665.95703125
3294,3065.95703125
3295,3065.95703125
3296,3065.95703125
3297,3065.95703125
3298,2965.95703125
3299,2965.95703125
3300,2865.95703125
3301,2665.95703125
3302,2665.95703125
3303,2665.95703125
3304,2865.95703125
3305,2965.95703125
3306,2965.95703125
3307,2665.95703125
3308,2965.95703125
3309,3065.95703125
3310,3065.95703125
3311,2965.95703125
3312,2965.95703125
3313,2965.95703125
3314,2865.95703125
3315,2665.95703125
3316,2665.95703125
3317,2565.95703125
3318,2765.95703125
3319,2965.95703125
3320,2965.95703125
3321,2665.95703125
3322,2965.95703125
3323,2965.95703125
3324,3065.95703125
3325,2965.95703125
3326,2965.95703125
3327,2965.95703125
3328,2765.95703125
3329,2565.95703125
3330,2665.95703125
3331,2565.95703125
3332,2765.95703125
3333,2865.95703125
3334,2965.95703125
3335,2565.95703125
3336,2965.95703125
3337,2965.95703125
3338,2965.95703125
3339,2965.95703125
3340,2865.95703125
3341,2965.95703125
3342,2765.95703125
3343,2565.95703125
3344,2565.95703125
3345,2565.95703125
3346,2765.95703125
3347,2865.95703125
3348,2865.95703125
3349,2565.95703125
3350,2865.95703125
3351,2965.95703125
3352,2965.95703125
3353,2865.95703125
3354,2865.95703125
3355,2865.95703125
3356,2765.95703125
3357,2565.95703125
3358,2565.95703125
3359,2565.95703125
3360,2765.95703125
3361,2865.95703125
3362,2865.95703125
3363,2565.95703125
3364,2865.95703125
3365,2965.95703125
3366,2965.95703125
3367,2865.95703125
3368,2865.95703125
3369,2865.95703125
3370,2765.95703125
3371,2565.95703125
3372,2565.95703125
3373,2465.95703125
3374,2665.95703125
3375,2865.95703125
3376,2865.95703125
3377,2565.95703125
3378,2865.95703125
3379,2865.95703125
3380,2965.95703125
3381,2865.95703125
3382,2865.95703125
3383,2865.95703125
3384,2665.95703125
3385,2465.95703125
3386,2565.95703125
3387,2465.95703125
3388,2665.95703125
3389,2865.95703125
3390,2865.95703125
3391,2565.95703125
3392,2865.95703125
3393,2865.95703125
3394,2965.95703125
3395,2865.95703125
3396,2865.95703125
3397,2865.95703125
3398,2665.95703125
3399,2465.95703125
3400,2565.95703125
3401,2465.95703125
3402,2665.95703125
3403,2865.95703125
3404,2865.95703125
3405,2565.95703125
3406,2865.95703125
3407,2865.95703125
3408,2965.95703125
3409,2865.95703125
3410,2865.95703125
3411,2865.95703125
3412,2665.95703125
3413,2465.95703125
3414,2565.95703125
3415,2465.95703125
3416,2665.95703125
3417,2865.95703125
3418,2865.95703125
3419,2565.95703125
3420,2865.95703125
3421,2865.95703125
3422,2965.95703125
3423,2865.95703125
3424,2865.95703125
3425,2865.95703125
3426,2665.95703125
3427,2465.95703125
3428,2565.95703125
3429,2465.95703125
3430,2765.95703125
3431,2865.95703125
3432,2865.95703125
3433,2565.95703125
3434,2865.95703125
3435,2865.95703125
3436,2965.95703125
3437,2865.95703125
3438,2865.95703125
3439,2865.95703125
3440,2765.95703125
3441,2465.95703125
3442,2565.95703125
3443,2565.95703125
3444,2765.95703125
3445,2865.95703125
3446,2965.95703125
3447,2565.95703125
3448,2965.95703125
3449,2965.95703125
3450,2965.95703125
3451,2965.95703125
3452,2865.95703125
3453,2965.95703125
3454,2765.95703125
3455,2565.95703125
3456,2565.95703125
3457,2565.95703125
3458,2765.95703125
3459,2865.95703125
3460,2965.95703125
3461,2665.95703125
3462,2965.95703125
3463,2965.95703125
3464,3065.95703125
3465,2965.95703125
3466,2865.95703125
3467,2965.95703125
3468,2765.95703125
3469,2565.95703125
3470,2665.95703125
3471,2565.95703125
3472,2865.95703125
3473,2865.95703125
3474,2965.95703125
3475,2665.95703125
3476,2965.95703125
3477,2965.95703125
3478,3065.95703125
3479,2965.95703125
3480,2865.95703125
3481,2965.95703125
3482,2865.95703125
3483,2565.95703125
3484,2665.95703125
3485,2665.95703125
3486,2865.95703125
3487,2965.95703125
3488,3065.95703125
3489,2665.95703125
3490,3065.95703125
3491,3065.95703125
3492,3165.95703125
3493,3065.95703125
3494,2965.95703125
3495,3065.95703125
3496,2865.95703125
3497,2665.95703125
3498,2665.95703125
3499,2665.95703125
3500,2865.95703125
3501,2965.95703125
3502,3065.95703125
3503,2765.95703125
3504,3065.95703125
3505,3065.95703125
3506,3165.95703125
3507,3065.95703125
3508,2965.95703125
3509,3065.95703125
3510,2865.95703125
3511,2665.95703125
3512,2765.95703125
3513,2665.95703125
3514,2965.95703125
3515,3065.95703125
3516,3165.95703125
3517,2765.95703125
3518,3165.95703125
3519,3165.95703125
3520,3265.95703125
3521,3165.95703125
3522,3065.95703125
3523,3165.95703125
3524,2965.95703125
3525,2665.95703125
3526,2765.95703125
3527,2765.95703125
3528,2965.95703125
3529,3065.95703125
3530,3165.95703125
3531,2865.95703125
3532,3165.95703125
3533,3165.95703125
3534,3265.95703125
3535,3165.95703125
3536,3065.95703125
3537,3165.95703125
3538,2965.95703125
3539,2765.95703125
3540,2865.95703125
3541,2765.95703125
3542,2965.95703125
3543,3065.95703125
3544,3165.95703125
3545,2765.95703125
3546,3165.95703125
3547,3165.95703125
3548,3265.95703125
3549,3165.95703125
3550,3065.95703125
3551,3165.95703125
3552,2965.95703125
3553,2765.95703125
3554,2765.95703125
3555,2665.95703125
3556,2865.95703125
3557,3065.95703125
3558,3065.95703125
3559,2765.95703125
3560,3065.95703125
3561,3165.95703125
3562,3165.95703125
3563,3065.95703125
3564,3065.95703125
3565,3065.95703125
3566,2865.95703125
3567,2665.95703125
3568,2765.95703125
3569,2665.95703125
3570,2865.95703125
3571,2965.95703125
3572,3065.95703125
3573,2665.95703125
3574,3065.95703125
3575,3065.95703125
3576,3165.95703125
3577,3065.95703125
3578,2965.95703125
3579,3065.95703125
3580,2865.95703125
3581,2665.95703125
3582,2665.95703125
3583,2665.95703125
3584,2865.95703125
3585,2965.95703125
3586,2965.95703125
3587,2665.95703125
3588,2965.95703125
3589,3065.95703125
3590,3065.95703125
3591,2965.95703125
3592,2965.95703125
3593,2965.95703125
3594,2865.95703125
3595,2665.95703125
3596,2665.95703125
3597,2565.95703125
3598,2765.95703125
3599,2865.95703125
3600,2965.95703125
3601,2665.95703125
3602,2965.95703125
3603,2965.95703125
3604,3065.95703125
3605,2965.95703125
3606,2865.95703125
3607,2965.95703125
3608,2765.95703125
3609,2565.95703125
3610,2665.95703125
3611,2565.95703125
3612,2765.95703125
3613,2865.95703125
3614,2965.95703125
3615,2565.95703125
3616,2965.95703125
3617,2965.95703125
3618,2965.95703125
3619,2965.95703125
3620,2865.95703125
3621,2965.95703125
3622,2765.95703125
3623,2565.95703125
3624,2565.95703125
3625,2565.95703125
3626,2765.95703125
3627,2865.95703125
3628,2865.95703125
3629,2565.95703125
3630,2865.95703125
3631,2965.95703125
3632,2965.95703125
3633,2865.95703125
3634,2865.95703125
3635,2865.95703125
3636,2765.95703125
3637,2565.95703125
3638,2565.95703125
3639,2465.95703125
3640,2665.95703125
3641,2865.95703125
3642,2865.95703125
3643,2565.95703125
3644,2865.95703125
3645,2865.95703125
3646,2965.95703125
3647,2865.95703125
3648,2865.95703125
3649,2865.95703125
3650,2665.95703125
3651,2465.95703125
3652,2565.95703125
3653,2465.95703125
3654,2665.95703125
3655,2865.95703125
3656,2865.95703125
3657,2565.95703125
3658,2865.95703125
3659,2865.95703125
3660,2965.95703125
3661,2865.95703125
3662,2865.95703125
3663,2865.95703125
3664,2665.95703125
3665,2465.95703125
3666,2565.95703125
3667,2465.95703125
3668,2665.95703125
3669,2765.95703125
3670,2865.95703125
3671,2565.95703125
3672,2865.95703125
3673,2865.95703125
3674,2965.95703125
3675,2865.95703125
3676,2765.95703125
3677,2865.95703125
3678,2665.95703125
3679,2465.95703125
3680,2565.95703125
3681,2465.95703125
3682,2665.95703125
3683,2765.95703125
3684,2865.95703125
3685,2565.95703125
3686,2865.95703125
3687,2865.95703125
3688,2965.95703125
3689,2865.95703125
3690,2765.95703125
3691,2865.95703125
3692,2665.95703125
3693,2465.95703125
3694,2565.95703125
3695,2465.95703125
3696,2665.95703125
3697,2765.95703125
3698,2865.95703125
3699,2565.95703125
3700,2865.95703125
3701,2865.95703125
3702,2965.95703125
3703,2865.95703125
3704,2765.95703125
3705,2865.95703125
3706,2665.95703125
3707,2465.95703125
3708,2565.95703125
3709,2465.95703125
3710,2665.95703125
3711,2865.95703125
3712,2865.95703125
3713,2565.95703125
3714,2865.95703125
3715,2865.95703125
3716,2965.95703125
3717,2865.95703125
3718,2865.95703125
3719,2865.95703125
3720,2665.95703125
3721,2465.95703125
3722,2565.95703125
3723,2465.95703125
3724,2765.95703125
3725,2865.95703125
3726,2865.95703125
3727,2565.95703125
3728,2865.95703125
3729,2865.95703125
3730,2965.95703125
3731,2865.95703125
3732,2865.95703125
3733,2865.95703125
3734,2765.95703125
3735,2465.95703125
3736,2565.95703125
3737,2565.95703125
3738,2765.95703125
3739,2865.95703125
3740,2865.95703125
3741,2565.95703125
3742,2865.95703125
3743,2965.95703125
3744,2965.95703125
3745,2865.95703125
3746,2865.95703125
3747,2865.95703125
3748,2765.95703125
3749,2565.95703125
3750,2565.95703125
3751,2565.95703125
3752,2765.95703125
3753,2865.95703125
3754,2965.95703125
3755,2565.95703125
3756,2965.95703125
3757,2965.95703125
3758,2965.95703125
3759,2965.95703125
3760,2865.95703125
3761,2965.95703125
3762,2765.95703125
3763,2565.95703125
3764,2565.95703125
3765,2565.95703125
3766,2765.95703125
3767,2865.95703125
3768,2965.95703125
3769,2665.95703125
3770,2965.95703125
3771,2965.95703125
3772,3065.95703125
3773,2965.95703125
3774,2865.95703125
3775,2965.95703125
3776,2765.95703125
3777,2565.95703125
3778,2665.95703125
3779,2565.95703125
3780,2865.95703125
3781,2965.95703125
3782,2965.95703125
3783,2665.95703125
3784,2965.95703125
3785,2965.95703125
3786,3065.95703125
3787,2965.95703125
3788,2965.95703125
3789,2965.95703125
3790,2865.95703125
3791,2565.95703125
3792,2665.95703125
3793,2665.95703125
3794,2865.95703125
3795,2965.95703125
3796,2965.95703125
3797,2665.95703125
3798,3065.95703125
3799,3065.95703125
3800,3065.95703125
3801,3065.95703125
3802,2965.95703125
3803,2965.95703125
3804,2865.95703125
3805,2665.95703125
3806,2665.95703125
3807,2665.95703125
3808,2865.95703125
3809,2965.95703125
3810,2965.95703125
3811,2665.95703125
3812,2965.95703125
3813,3065.95703125
3814,2965.95703125
3815,2965.95703125
3816,2965.95703125
3817,2965.95703125
3818,2865.95703125
3819,2665.95703125
3820,2665.95703125
3821,2565.95703125
3822,2665.95703125
3823,2865.95703125
3824,2765.95703125
3825,2465.95703125
3826,2865.95703125
3827,2965.95703125
3828,2865.95703125
3829,2865.95703125
3830,2865.95703125
3831,2765.95703125
3832,2665.95703125
3833,2565.95703125
3834,2465.95703125
3835,2365.95703125
3836,2365.95703125
3837,2665.95703125
3838,2465.95703125
3839,2165.95703125
3840,2565.95703125
3841,2765.95703125
3842,2565.95703125
3843,2565.95703125
3844,2665.95703125
3845,2465.95703125
3846,2365.95703125
3847,2365.95703125
3848,2165.95703125
3849,2365.95703125
3850,2665.95703125
3851,2665.95703125
3852,2365.95703125
3853,2465.95703125
3854,2165.95703125
3855,2765.95703125
3856,2465.95703125
3857,2865.95703125
3858,2765.95703125
3859,2565.95703125
3860,2565.95703125
3861,2865.95703125
3862,2865.95703125
3863,2665.95703125
3864,2565.95703125
3865,2465.95703125
3866,2765.95703125
3867,2665.95703125
3868,2365.95703125
3869,2365.95703125
3870,2165.95703125
3871,2465.95703125
3872,2565.95703125
3873,2765.95703125
3874,2865.95703125
3875,2965.95703125
3876,2665.95703125
3877,2965.95703125
3878,2965.95703125
3879,2965.95703125
3880,2965.95703125
3881,2865.95703125
3882,2965.95703125
3883,2765.95703125
3884,2565.95703125
3885,2665.95703125
3886,2565.95703125
3887,2765.95703125
3888,2865.95703125
3889,2965.95703125
3890,2665.95703125
3891,2965.95703125
3892,2965.95703125
3893,2965.95703125
3894,2965.95703125
3895,2865.95703125
3896,2965.95703125
3897,2765.95703125
3898,2565.95703125
3899,2665.95703125
3900,2565.95703125
3901,2565.95703125
3902,2865.95703125
3903,2865.95703125
3904,2565.95703125
3905,2765.95703125
3906,2865.95703125
3907,2965.95703125
3908,2765.95703125
3909,2865.95703125
3910,2865.95703125
3911,2565.95703125
3912,2565.95703125
3913,2565.95703125
3914,2365.95703125
3915,2465.95703125
3916,2665.95703125
3917,2765.95703125
3918,2465.95703125
3919,2665.95703125
3920,2665.95703125
3921,2865.95703125
3922,2665.95703125
3923,2665.95703125
3924,2765.95703125
3925,2465.95703125
3926,2365.95703125
3927,2465.95703125
3928,2265.95703125
3929,2465.95703125
3930,2565.95703125
3931,2765.95703125
3932,2465.95703125
3933,2665.95703125
3934,2665.95703125
3935,2865.95703125
3936,2665.95703125
3937,2565.95703125
3938,2765.95703125
3939,2465.95703125
3940,2265.95703125
3941,2465.95703125
3942,2265.95703125
3943,2465.95703125
3944,2565.95703125
3945,2765.95703125
3946,2465.95703125
3947,2565.95703125
3948,2665.95703125
3949,2865.95703125
3950,2565.95703125
3951,2565.95703125
3952,2765.95703125
3953,2465.95703125
3954,2265.95703125
3955,2465.95703125
3956,2165.95703125
3957,2365.95703125
3958,2565.95703125
3959,2765.95703125
3960,2365.95703125
3961,2565.95703125
3962,2565.95703125
3963,2765.95703125
3964,2565.95703125
3965,2565.95703125
3966,2765.95703125
3967,2365.95703125
3968,2165.95703125
3969,2365.95703125
3970,2165.95703125
3971,2365.95703125
3972,2465.95703125
3973,2665.95703125
3974,2365.95703125
3975,2565.95703125
3976,2565.95703125
3977,2765.95703125
3978,2565.95703125
3979,2465.95703125
3980,2665.95703125
3981,2365.95703125
3982,2165.95703125
3983,2365.95703125
3984,2165.95703125
3985,2365.95703125
3986,2465.95703125
3987,2665.95703125
3988,2365.95703125
3989,2565.95703125
3990,2565.95703125
3991,2765.95703125
3992,2565.95703125
3993,2465.95703125
3994,2665.95703125
3995,2365.95703125
3996,2165.95703125
3997,2365.95703125
3998,2165.95703125
3999,2365.95703125
4000,2465.95703125
4001,2665.95703125
4002,2365.95703125
4003,2565.95703125
4004,2565.95703125
4005,2765.95703125
4006,2565.95703125
4007,2465.95703125
4008,2665.95703125
4009,2365.95703125
4010,2165.95703125
4011,2365.95703125
4012,2165.95703125
4013,2365.95703125
4014,2465.95703125
4015,2665.95703125
4016,2365.95703125
4017,2565.95703125
4018,2565.95703125
4019,2765.95703125
4020,2565.95703125
4021,2465.95703125
4022,2665.95703125
4023,2365.95703125
4024,2165.95703125
4025,2365.95703125
4026,2165.95703125
4027,2365.95703125
4028,2465.95703125
4029,2765.95703125
4030,2365.95703125
4031,2565.95703125
4032,2565.95703125
4033,2765.95703125
4034,2565.95703125
4035,2465.95703125
4036,2765.95703125
4037,2365.95703125
4038,2165.95703125
4039,2365.95703125
4040,2165.95703125
4041,2465.95703125
4042,2565.95703125
4043,2765.95703125
4044,2465.95703125
4045,2565.95703125
4046,2565.95703125
4047,2865.95703125
4048,2565.95703125
4049,2565.95703125
4050,2765.95703125
4051,2465.95703125
4052,2165.95703125
4053,2465.95703125
4054,2165.95703125
4055,2465.95703125
4056,2565.95703125
4057,2765.95703125
4058,2465.95703125
4059,2665.95703125
4060,2665.95703125
4061,2865.95703125
4062,2665.95703125
4063,2565.95703125
4064,2765.95703125
4065,2465.95703125
4066,2165.95703125
4067,2465.95703125
4068,2265.95703125
4069,2465.95703125
4070,2565.95703125
4071,2765.95703125
4072,2465.95703125
4073,2665.95703125
4074,2665.95703125
4075,2865.95703125
4076,2665.95703125
4077,2565.95703125
4078,2765.95703125
4079,2465.95703125
4080,2265.95703125
4081,2465.95703125
4082,2265.95703125
4083,2565.95703125
4084,2665.95703125
4085,2865.95703125
4086,2565.95703125
4087,2665.95703125
4088,2665.95703125
4089,2965.95703125
4090,2665.95703125
4091,2665.95703125
4092,2865.95703125
4093,2565.95703125
4094,2265.95703125
4095,2565.95703125
4096,2365.95703125
4097,2565.95703125
4098,2665.95703125
4099,2865.95703125
4100,2565.95703125
4101,2765.95703125
4102,2765.95703125
4103,2965.95703125
4104,2765.95703125
4105,2665.95703125
4106,2865.95703125
4107,2565.95703125
4108,2365.95703125
4109,2565.95703125
4110,2365.95703125
4111,2565.95703125
4112,2665.95703125
4113,2965.95703125
4114,2565.95703125
4115,2765.95703125
4116,2765.95703125
4117,3065.95703125
4118,2765.95703125
4119,2665.95703125
4120,2965.95703125
4121,2565.95703125
4122,2365.95703125
4123,2565.95703125
4124,2365.95703125
4125,2565.95703125
4126,2765.95703125
4127,2965.95703125
4128,2665.95703125
4129,2765.95703125
4130,2765.95703125
4131,3065.95703125
4132,2765.95703125
4133,2765.95703125
4134,2965.95703125
4135,2565.95703125
4136,2365.95703125
4137,2665.95703125
4138,2365.95703125
4139,2565.95703125
4140,2765.95703125
4141,2965.95703125
4142,2565.95703125
4143,2765.95703125
4144,2765.95703125
4145,3065.95703125
4146,2765.95703125
4147,2765.95703125
4148,2965.95703125
4149,2565.95703125
4150,2365.95703125
4151,2565.95703125
4152,2365.95703125
4153,2565.95703125
4154,2665.95703125
4155,2865.95703125
4156,2565.95703125
4157,2765.95703125
4158,2765.95703125
4159,2965.95703125
4160,2765.95703125
4161,2665.95703125
4162,2865.95703125
4163,2565.95703125
4164,2365.95703125
4165,2565.95703125
4166,2365.95703125
4167,2565.95703125
4168,2665.95703125
4169,2865.95703125
4170,2565.95703125
4171,2665.95703125
4172,2765.95703125
4173,2965.95703125
4174,2665.95703125
4175,2665.95703125
4176,2865.95703125
4177,2565.95703125
4178,2365.95703125
4179,2565.95703125
4180,2265.95703125
4181,2465.95703125
4182,2665.95703125
4183,2765.95703125
4184,2465.95703125
4185,2665.95703125
4186,2665.95703125
4187,2865.95703125
4188,2665.95703125
4189,2665.95703125
4190,2765.95703125
4191,2465.95703125
4192,2265.95703125
4193,2465.95703125
4194,2265.95703125
4195,2465.95703125
4196,2565.95703125
4197,2765.95703125
4198,2465.95703125
4199,2665.95703125
4200,2665.95703125
4201,2865.95703125
4202,2665.95703125
4203,2565.95703125
4204,2765.95703125
4205,2465.95703125
4206,2265.95703125
4207,2465.95703125
4208,2165.95703125
4209,2465.95703125
4210,2565.95703125
4211,2765.95703125
4212,2465.95703125
4213,2565.95703125
4214,2665.95703125
4215,2865.95703125
4216,2565.95703125
4217,2565.95703125
4218,2765.95703125
4219,2465.95703125
4220,2165.95703125
4221,2465.95703125
4222,2165.95703125
4223,2365.95703125
4224,2565.95703125
4225,2765.95703125
4226,2365.95703125
4227,2565.95703125
4228,2565.95703125
4229,2765.95703125
4230,2565.95703125
4231,2565.95703125
4232,2765.95703125
4233,2365.95703125
4234,2165.95703125
4235,2365.95703125
4236,2165.95703125
4237,2365.95703125
4238,2465.95703125
4239,2665.95703125
4240,2365.95703125
4241,2565.95703125
4242,2565.95703125
4243,2765.95703125
4244,2565.95703125
4245,2465.95703125
4246,2665.95703125
4247,2365.95703125
4248,2165.95703125
4249,2365.95703125
4250,2165.95703125
4251,2365.95703125
4252,2465.95703125
4253,2665.95703125
4254,2365.95703125
4255,2565.95703125
4256,2565.95703125
4257,2765.95703125
4258,2565.95703125
4259,2465.95703125
4260,2665.95703125
4261,2365.95703125
4262,2165.95703125
4263,2365.95703125
4264,2165.95703125
4265,2365.95703125
4266,2465.95703125
4267,2665.95703125
4268,2365.95703125
4269,2565.95703125
4270,2565.95703125
4271,2765.95703125
4272,2565.95703125
4273,2465.95703125
4274,2665.95703125
4275,2365.95703125
4276,2165.95703125
4277,2365.95703125
4278,2165.95703125
4279,2365.95703125
4280,2465.95703125
4281,2665.95703125
4282,2365.95703125
4283,2565.95703125
4284,2565.95703125
4285,2765.95703125
4286,2565.95703125
4287,2465.95703125
4288,2665.95703125
4289,2365.95703125
4290,2165.95703125
4291,2365.95703125
4292,2165.95703125
4293,2365.95703125
4294,2465.95703125
4295,2665.95703125
4296,2365.95703125
4297,2565.95703125
4298,2565.95703125
4299,2765.95703125
4300,2565.95703125
4301,2465.95703125
4302,2665.95703125
4303,2365.95703125
4304,2165.95703125
4305,2365.95703125
4306,2165.95703125
4307,2365.95703125
4308,2465.95703125
4309,2665.95703125
4310,2365.95703125
4311,2565.95703125
4312,2565.95703125
4313,2765.95703125
4314,2565.95703125
4315,2465.95703125
4316,2665.95703125
4317,2365.95703125
4318,2165.95703125
4319,2365.95703125
4320,2165.95703125
4321,2365.95703125
4322,2465.95703125
4323,2765.95703125
4324,2365.95703125
4325,2565.95703125
4326,2565.95703125
4327,2765.95703125
4328,2565.95703125
4329,2465.95703125
4330,2765.95703125
4331,2365.95703125
4332,2165.95703125
4333,2365.95703125
4334,2165.95703125
4335,2465.95703125
4336,2565.95703125
4337,2765.95703125
4338,2465.95703125
4339,2565.95703125
4340,2565.95703125
4341,2865.95703125
4342,2565.95703125
4343,2565.95703125
4344,2765.95703125
4345,2465.95703125
4346,2165.95703125
4347,2465.95703125
4348,2265.95703125
4349,2465.95703125
4350,2565.95703125
4351,2765.95703125
4352,2465.95703125
4353,2665.95703125
4354,2665.95703125
4355,2865.95703125
4356,2665.95703125
4357,2565.95703125
4358,2765.95703125
4359,2465.95703125
4360,2265.95703125
4361,2465.95703125
4362,2265.95703125
4363,2465.95703125
4364,2565.95703125
4365,2765.95703125
4366,2465.95703125
4367,2665.95703125
4368,2665.95703125
4369,2865.95703125
4370,2665.95703125
4371,2565.95703125
4372,2765.95703125
4373,2465.95703125
4374,2265.95703125
4375,2465.95703125
4376,2365.95703125
4377,2665.95703125
4378,2865.95703125
4379,2565.95703125
4380,2665.95703125
4381,2965.95703125
4382,2665.95703125
4383,2865.95703125
4384,2365.95703125
4385,2565.95703125
4386,2965.95703125
4387,2665.95703125
4388,2965.95703125
4389,2965.95703125
4390,2665.95703125
4391,2965.95703125
4392,2665.95703125
4393,2965.95703125
4394,2965.95703125
4395,2665.95703125
4396,2765.95703125
4397,2465.95703125
4398,2865.95703125
4399,2765.95703125
4400,2465.95703125
4401,2465.95703125
4402,2165.95703125
4403,2565.95703125
4404,2465.95703125
4405,2165.95703125
4406,3065.95703125
4407,2865.95703125
4408,2665.95703125
4409,2365.95703125
4410,2565.95703125
4411,2765.95703125
4412,2565.95703125
4413,2865.95703125
4414,2865.95703125
4415,2665.95703125
4416,2565.95703125
4417,2265.95703125
4418,2365.95703125
4419,2565.95703125
4420,2365.95703125
4421,2665.95703125
4422,2665.95703125
4423,2465.95703125
4424,2365.95703125
4425,2065.95703125
4426,2165.95703125
4427,2365.95703125
4428,2165.95703125
4429,2465.95703125
4430,2465.95703125
4431,2065.95703125
4432,2065.95703125
4433,1699.210693359375
4434,1699.210693359375
4435,2065.95703125
4436,1699.210693359375
4437,2065.95703125
4438,3165.95703125
4439,3065.95703125
4440,2665.95703125
4441,2765.95703125
4442,2965.95703125
4443,2965.95703125
4444,2865.95703125
4445,2565.95703125
4446,2665.95703125
4447,2765.95703125
4448,2765.95703125
4449,2665.95703125
4450,2265.95703125
4451,2465.95703125
4452,2565.95703125
4453,2465.95703125
4454,2265.95703125
4455,1865.9569091796875
4456,2165.95703125
4457,2165.95703125
4458,3065.95703125
4459,3065.95703125
4460,2665.95703125
4461,2765.95703125
4462,2865.95703125
4463,2865.95703125
4464,2865.95703125
4465,2565.95703125
4466,2565.95703125
4467,2665.95703125
4468,2665.95703125
4469,2665.95703125
4470,2265.95703125
4471,2365.95703125
4472,2465.95703125
4473,2465.95703125
4474,2265.95703125
4475,1865.9569091796875
4476,2065.95703125
4477,2065.95703125
4478,2665.95703125
4479,2865.95703125
4480,2565.95703125
4481,2365.95703125
4482,2565.95703125
4483,2565.95703125
4484,2665.95703125
4485,2365.95703125
4486,2265.95703125
4487,2365.95703125
4488,2365.95703125
4489,2465.95703125
4490,2165.95703125
4491,2065.95703125
4492,2165.95703125
4493,2065.95703125
4494,2065.95703125
4495,1699.210693359375
4496,1699.210693359375
4497,1699.210693359375
4498,3065.95703125
4499,2965.95703125
4500,2765.95703125
4501,2665.95703125
4502,3065.95703125
4503,2965.95703125
4504,2765.95703125
4505,2665.95703125
4506,2565.95703125
4507,2865.95703125
4508,2765.95703125
4509,2565.95703125
4510,2465.95703125
4511,2265.95703125
4512,2665.95703125
4513,2465.95703125
4514,2165.95703125
4515,2165.95703125
4516,1865.9569091796875
4517,2265.95703125
4518,3165.95703125
4519,3065.95703125
4520,3065.95703125
4521,3065.95703125
4522,2965.95703125
4523,2965.95703125
4524,2865.95703125
4525,2765.95703125
4526,2765.95703125
4527,2565.95703125
4528,2365.95703125
4529,2365.95703125
4530,3065.95703125
4531,3065.95703125
4532,3065.95703125
4533,2965.95703125
4534,2965.95703125
4535,2865.95703125
4536,2765.95703125
4537,2765.95703125
4538,2665.95703125
4539,2465.95703125
4540,2365.95703125
4541,2265.95703125
4542,2765.95703125
4543,2965.95703125
4544,2665.95703125
4545,2665.95703125
4546,2765.95703125
4547,2565.95703125
4548,2465.95703125
4549,2565.95703125
4550,2265.95703125
4551,2165.95703125
4552,2165.95703125
4553,1865.9569091796875
4554,3065.95703125
4555,2865.95703125
4556,2665.95703125
4557,2665.95703125
4558,3065.95703125
4559,2865.95703125
4560,2665.95703125
4561,2565.95703125
4562,2565.95703125
4563,2865.95703125
4564,2665.95703125
4565,2465.95703125
4566,2365.95703125
4567,2265.95703125
4568,2665.95703125
4569,2465.95703125
4570,2065.95703125
4571,2065.95703125
4572,1865.9569091796875
4573,2265.95703125
4574,3165.95703125
4575,3065.95703125
4576,3065.95703125
4577,2965.95703125
4578,2865.95703125
4579,2965.95703125
4580,2765.95703125
4581,2665.95703125
4582,2765.95703125
4583,2465.95703125
4584,2265.95703125
4585,2365.95703125
4586,3065.95703125
4587,3065.95703125
4588,3065.95703125
4589,2865.95703125
4590,2865.95703125
4591,2865.95703125
4592,2665.95703125
4593,2665.95703125
4594,2665.95703125
4595,2465.95703125
4596,2265.95703125
4597,2265.95703125
4598,2665.95703125
4599,2865.95703125
4600,2665.95703125
4601,2565.95703125
4602,2665.95703125
4603,2565.95703125
4604,2365.95703125
4605,2465.95703125
4606,2265.95703125
4607,2065.95703125
4608,2065.95703125
4609,1865.9569091796875
4610,2765.95703125
4611,2565.95703125
4612,2365.95703125
4613,2565.95703125
4614,2865.95703125
4615,2565.95703125
4616,2365.95703125
4617,2265.95703125
4618,2365.95703125
4619,2665.95703125
4620,2365.95703125
4621,2165.95703125
4622,2065.95703125
4623,2165.95703125
4624,2465.95703125
4625,2065.95703125
4626,1699.210693359375
4627,1699.210693359375
4628,1699.210693359375
4629,2065.95703125
4630,2765.95703125
4631,2665.95703125
4632,2965.95703125
4633,2665.95703125
4634,2565.95703125
4635,2765.95703125
4636,2465.95703125
4637,2265.95703125
4638,2565.95703125
4639,2165.95703125
4640,1865.9569091796875
4641,2165.95703125
4642,2765.95703125
4643,2665.95703125
4644,2865.95703125
4645,2565.95703125
4646,2565.95703125
4647,2665.95703125
4648,2365.95703125
4649,2265.95703125
4650,2465.95703125
4651,2065.95703125
4652,1865.9569091796875
4653,2065.95703125
4654,2365.95703125
4655,2565.95703125
4656,2565.95703125
4657,2265.95703125
4658,2365.95703125
4659,2365.95703125
4660,2065.95703125
4661,2165.95703125
4662,2165.95703125
4663,1699.210693359375
4664,1699.210693359375
4665,1699.210693359375
4666,1965.9569091796875
4667,2365.95703125
4668,2365.95703125
4669,1965.9569091796875
4670,1632.4644775390625
4671,1965.9569091796875
4672,1965.9569091796875
4673,1632.4644775390625
4674,1965.9569091796875
4675,1632.4644775390625
4676,2265.95703125
4677,1965.9569091796875
4678,2465.95703125
4679,2365.95703125
4680,2165.95703125
4681,1765.9569091796875
4682,2065.95703125
4683,2165.95703125
4684,2065.95703125
4685,2365.95703125
4686,2465.95703125
4687,2365.95703125
4688,2165.95703125
4689,1865.9569091796875
4690,1965.9569091796875
4691,2165.95703125
4692,1965.9569091796875
4693,2265.95703125
4694,2365.95703125
4695,2065.95703125
4696,2065.95703125
4697,1632.4644775390625
4698,1632.4644775390625
4699,1965.9569091796875
4700,1632.4644775390625
4701,1965.9569091796875
4702,2165.95703125
4703,2365.95703125
4704,2465.95703125
4705,2165.95703125
4706,2065.95703125
4707,1765.9569091796875
4708,2365.95703125
4709,2065.95703125
4710,2565.95703125
4711,2565.95703125
4712,2165.95703125
4713,2165.95703125
4714,2465.95703125
4715,2565.95703125
4716,2465.95703125
4717,2165.95703125
4718,2165.95703125
4719,2365.95703125
4720,2365.95703125
4721,2165.95703125
4722,1865.9569091796875
4723,2065.95703125
4724,2065.95703125
4725,2165.95703125
4726,2365.95703125
4727,2465.95703125
4728,2165.95703125
4729,1965.9569091796875
4730,1765.9569091796875
4731,2265.95703125
4732,1965.9569091796875
4733,2465.95703125
4734,2565.95703125
4735,2165.95703125
4736,2165.95703125
4737,2365.95703125
4738,2465.95703125
4739,2465.95703125
4740,2165.95703125
4741,2165.95703125
4742,2265.95703125
4743,2365.95703125
4744,2165.95703125
4745,1865.9569091796875
4746,1965.9569091796875
4747,1965.9569091796875
4748,1965.9569091796875
4749,1965.9569091796875
4750,2365.95703125
4751,1965.9569091796875
4752,1632.4644775390625
4753,1632.4644775390625
4754,1965.9569091796875
4755,1632.4644775390625
4756,2165.95703125
4757,2365.95703125
4758,2065.95703125
4759,1765.9569091796875
4760,2065.95703125
4761,2165.95703125
4762,2365.95703125
4763,1965.9569091796875
4764,1865.9569091796875
4765,1965.9569091796875
4766,2065.95703125
4767,2065.95703125
4768,1632.4644775390625
4769,1632.4644775390625
4770,1632.4644775390625
4771,2165.95703125
4772,2465.95703125
4773,2465.95703125
4774,2165.95703125
4775,2265.95703125
4776,1865.9569091796875
4777,2565.95703125
4778,2165.95703125
4779,2665.95703125
4780,2565.95703125
4781,2365.95703125
4782,2265.95703125
4783,2565.95703125
4784,2665.95703125
4785,2565.95703125
4786,2365.95703125
4787,2265.95703125
4788,2565.95703125
4789,2565.95703125
4790,2265.95703125
4791,2265.95703125
4792,1965.9569091796875
4793,2265.95703125
4794,2365.95703125
4795,2565.95703125
4796,2665.95703125
4797,2565.95703125
4798,2265.95703125
4799,2765.95703125
4800,2765.95703125
4801,2665.95703125
4802,2765.95703125
4803,2665.95703125
4804,2665.95703125
4805,2565.95703125
4806,2365.95703125
4807,2365.95703125
4808,2365.95703125
4809,2465.95703125
4810,2665.95703125
4811,2565.95703125
4812,2165.95703125
4813,2665.95703125
4814,2765.95703125
4815,2565.95703125
4816,2665.95703125
4817,2665.95703125
4818,2565.95703125
4819,2565.95703125
4820,2365.95703125
4821,2265.95703125
4822,2165.95703125
4823,2165.95703125
4824,2465.95703125
4825,2265.95703125
4826,1865.9569091796875
4827,2365.95703125
4828,2565.95703125
4829,2265.95703125
4830,2365.95703125
4831,2565.95703125
4832,2265.95703125
4833,2265.95703125
4834,2265.95703125
4835,1965.9569091796875
4836,2265.95703125
4837,2565.95703125
4838,2665.95703125
4839,2265.95703125
4840,2365.95703125
4841,2065.95703125
4842,2665.95703125
4843,2365.95703125
4844,2765.95703125
4845,2665.95703125
4846,2465.95703125
4847,2465.95703125
4848,2765.95703125
4849,2865.95703125
4850,2665.95703125
4851,2465.95703125
4852,2365.95703125
4853,2665.95703125
4854,2665.95703125
4855,2365.95703125
4856,2365.95703125
4857,2065.95703125
4858,2365.95703125
4859,2465.95703125
4860,2665.95703125
4861,2765.95703125
4862,2765.95703125
4863,2465.95703125
4864,2865.95703125
4865,2865.95703125
4866,2865.95703125
4867,2865.95703125
4868,2865.95703125
4869,2765.95703125
4870,2765.95703125
4871,2565.95703125
4872,2465.95703125
4873,2465.95703125
4874,2565.95703125
4875,2765.95703125
4876,2665.95703125
4877,2365.95703125
4878,2765.95703125
4879,2865.95703125
4880,2765.95703125
4881,2865.95703125
4882,2865.95703125
4883,2665.95703125
4884,2665.95703125
4885,2565.95703125
4886,2365.95703125
4887,2265.95703125
4888,2265.95703125
4889,2665.95703125
4890,2365.95703125
4891,2065.95703125
4892,2465.95703125
4893,2665.95703125
4894,2465.95703125
4895,2465.95703125
4896,2665.95703125
4897,2365.95703125
4898,2365.95703125
4899,2365.95703125
4900,2065.95703125
4901,2465.95703125
4902,2165.95703125
4903,2765.95703125
4904,2465.95703125
4905,2565.95703125
4906,2865.95703125
4907,2565.95703125
4908,2865.95703125
4909,2265.95703125
4910,2565.95703125
4911,2865.95703125
4912,2565.95703125
4913,2965.95703125
4914,2865.95703125
4915,2665.95703125
4916,2765.95703125
4917,2465.95703125
4918,2865.95703125
4919,2865.95703125
4920,2565.95703125
4921,2465.95703125
4922,2165.95703125
4923,2565.95703125
4924,2565.95703125
4925,2265.95703125
WW